[2026-06-05T16:39:18.877Z] [INFO] REQUEST | Model: llama-3.3-70b-versatile | RequestId: 1780677558877-ebd7gueg | Temp: 0.5
{
  "promptPreview": "You are a SENIOR TECHNICAL INTERVIEWER.\n\nYour task: Generate a REALISTIC technical interview for topic: \"React\" Difficulty: \"medium\"\n\n==================================================\nDIFFICULTY REQU"
}
----------------------------------------
[2026-06-05T16:42:42.160Z] [INFO] REQUEST | Model: llama-3.3-70b-versatile | RequestId: 1780677762159-yovjs2bf | Temp: 0.5
{
  "promptPreview": "You are a SENIOR TECHNICAL INTERVIEWER.\n\nYour task: Generate a REALISTIC technical interview for topic: \"React\" Difficulty: \"medium\"\n\n==================================================\nDIFFICULTY REQU"
}
----------------------------------------
[2026-06-05T16:42:46.231Z] [INFO] RESPONSE | Model: llama-3.3-70b-versatile | RequestId: 1780677762159-yovjs2bf | Duration: 4071ms
{
  "responsePreview": "```\n{\n  \"mcq\": [\n    {\n      \"question\": \"What is the primary purpose of the 'key' prop in React?\",\n      \"difficulty\": \"medium\",\n      \"options\": [\"To uniquely identify DOM elements\", \"To improve ren"
}
----------------------------------------
[2026-06-05T16:42:46.232Z] [INFO] REQUEST | Model: llama-3.3-70b-versatile | RequestId: 1780677766232-ngw3bpwy | Temp: 0.2
{
  "promptPreview": "\nYou are a STRICT technical interviewer.\n\nQuestion:\nWhat is React state?\n\nExpected keywords:\nstate, data, re-render\n\nUser answer:\nState is data that changes over time and causes re-renders.\n\nRULES:\n- "
}
----------------------------------------
[2026-06-05T16:42:47.063Z] [INFO] RESPONSE | Model: llama-3.3-70b-versatile | RequestId: 1780677766232-ngw3bpwy | Duration: 831ms
{
  "responsePreview": "{\n  \"score\": 9,\n  \"explanation\": \"The user's answer correctly identifies state as data that changes over time and causes re-renders, covering the expected keywords. However, the answer is brief and la"
}
----------------------------------------
[2026-06-05T16:52:44.267Z] [INFO] REQUEST | Model: llama-3.3-70b-versatile | RequestId: 1780678364267-17q1uua7 | Temp: 0.5
{
  "promptPreview": "You are a SENIOR TECHNICAL INTERVIEWER.\n\nYour task: Generate a REALISTIC technical interview for topic: \"React\" Difficulty: \"medium\"\n\n==================================================\nDIFFICULTY REQU"
}
----------------------------------------
[2026-06-05T16:52:49.076Z] [INFO] RESPONSE | Model: llama-3.3-70b-versatile | RequestId: 1780678364267-17q1uua7 | Duration: 4809ms
{
  "responsePreview": "```\n{\n  \"mcq\": [\n    {\n      \"question\": \"What is the primary purpose of the 'key' prop in React?\",\n      \"difficulty\": \"medium\",\n      \"options\": [\"To uniquely identify a component\", \"To pass data fr"
}
----------------------------------------
[2026-06-05T16:52:49.076Z] [INFO] TOKEN_USAGE | Model: llama-3.3-70b-versatile | RequestId: 1780678364267-17q1uua7 | Prompt: 403 | Completion: 1631 | Total: 2034
----------------------------------------
[2026-06-05T16:52:49.077Z] [INFO] REQUEST | Model: llama-3.3-70b-versatile | RequestId: 1780678369077-bucw320r | Temp: 0.2
{
  "promptPreview": "\nYou are a STRICT technical interviewer.\n\nQuestion:\nWhat is React state?\n\nExpected keywords:\nstate, data, re-render\n\nUser answer:\nState is data that changes over time and causes re-renders.\n\nRULES:\n- "
}
----------------------------------------
[2026-06-05T16:52:49.866Z] [INFO] RESPONSE | Model: llama-3.3-70b-versatile | RequestId: 1780678369077-bucw320r | Duration: 789ms
{
  "responsePreview": "{\n  \"score\": 9,\n  \"explanation\": \"The answer is mostly correct, it covers the key concept of state in React, including the fact that it's data that changes over time and causes re-renders, which match"
}
----------------------------------------
[2026-06-05T16:52:49.866Z] [INFO] TOKEN_USAGE | Model: llama-3.3-70b-versatile | RequestId: 1780678369077-bucw320r | Prompt: 137 | Completion: 141 | Total: 278
----------------------------------------
[2026-06-05T16:55:30.909Z] [INFO] REQUEST | Model: llama-3.3-70b-versatile | RequestId: 1780678530909-93489ja8 | Temp: 0.5
{
  "promptPreview": "You are a SENIOR TECHNICAL INTERVIEWER.\n\nYour task: Generate a REALISTIC technical interview for topic: \"C#\" Difficulty: \"medium\"\n\n==================================================\nDIFFICULTY REQUIRE"
}
----------------------------------------
[2026-06-05T16:55:34.813Z] [INFO] RESPONSE | Model: llama-3.3-70b-versatile | RequestId: 1780678530909-93489ja8 | Duration: 3904ms
{
  "responsePreview": "```\n{\n  \"mcq\": [\n    {\n      \"question\": \"What is the purpose of the 'using' statement in C#?\",\n      \"difficulty\": \"medium\",\n      \"options\": [\"A) To handle exceptions\", \"B) To implement interfaces\","
}
----------------------------------------
[2026-06-05T16:55:34.813Z] [INFO] TOKEN_USAGE | Model: llama-3.3-70b-versatile | RequestId: 1780678530909-93489ja8 | Prompt: 403 | Completion: 1515 | Total: 1918
----------------------------------------
[2026-06-05T16:57:19.221Z] [INFO] REQUEST | Model: llama-3.3-70b-versatile | RequestId: 1780678639221-qw89fa96 | Temp: 0.2
{
  "promptPreview": "\nYou are a STRICT technical interviewer.\n\nQuestion:\nExplain how you would optimize the performance of a C# application that uses a large amount of data from a database.\n\nExpected keywords:\ndatabase in"
}
----------------------------------------
[2026-06-05T16:57:20.265Z] [INFO] RESPONSE | Model: llama-3.3-70b-versatile | RequestId: 1780678639221-qw89fa96 | Duration: 1044ms
{
  "responsePreview": "{\n  \"score\": 6,\n  \"explanation\": \"The answer demonstrates a basic understanding of database optimization techniques, such as using efficient SQL queries, creating indexes, and implementing caching. Ho"
}
----------------------------------------
[2026-06-05T16:57:20.265Z] [INFO] TOKEN_USAGE | Model: llama-3.3-70b-versatile | RequestId: 1780678639221-qw89fa96 | Prompt: 167 | Completion: 145 | Total: 312
----------------------------------------
[2026-06-05T16:57:20.265Z] [INFO] REQUEST | Model: llama-3.3-70b-versatile | RequestId: 1780678640265-4r9vwjop | Temp: 0.2
{
  "promptPreview": "\nYou are a STRICT technical interviewer.\n\nQuestion:\nDescribe a scenario where you would use a 'try-catch' block in C# to handle exceptions, and explain how you would handle the exception.\n\nExpected ke"
}
----------------------------------------
[2026-06-05T16:57:21.702Z] [INFO] RESPONSE | Model: llama-3.3-70b-versatile | RequestId: 1780678640265-4r9vwjop | Duration: 1437ms
{
  "responsePreview": "{\n  \"score\": 6,\n  \"explanation\": \"The user's answer demonstrates a basic understanding of exception handling and the use of try-catch blocks in C#. However, the answer lacks specificity and technical "
}
----------------------------------------
[2026-06-05T16:57:21.702Z] [INFO] TOKEN_USAGE | Model: llama-3.3-70b-versatile | RequestId: 1780678640265-4r9vwjop | Prompt: 184 | Completion: 250 | Total: 434
----------------------------------------
[2026-06-05T16:57:21.702Z] [INFO] REQUEST | Model: llama-3.3-70b-versatile | RequestId: 1780678641702-9at2xarp | Temp: 0.2
{
  "promptPreview": "\nYou are a STRICT technical interviewer.\n\nQuestion:\nExplain how you would design a C# class to represent a real-world object, such as a car or a person.\n\nExpected keywords:\nencapsulation, inheritance,"
}
----------------------------------------
[2026-06-05T16:57:22.781Z] [INFO] TOKEN_USAGE | Model: llama-3.3-70b-versatile | RequestId: 1780678641702-9at2xarp | Prompt: 181 | Completion: 158 | Total: 339
----------------------------------------
[2026-06-05T16:57:22.781Z] [INFO] RESPONSE | Model: llama-3.3-70b-versatile | RequestId: 1780678641702-9at2xarp | Duration: 1079ms
{
  "responsePreview": "{\n  \"score\": 4,\n  \"explanation\": \"The user's answer demonstrates a basic understanding of object-oriented programming concepts by mentioning properties and methods. However, it lacks depth and fails t"
}
----------------------------------------
[2026-06-05T16:58:00.622Z] [INFO] REQUEST | Model: llama-3.3-70b-versatile | RequestId: 1780678680622-cq3ynkks | Temp: 0.7
{
  "promptPreview": "You are a SENIOR TECHNICAL INTERVIEWER.\n\nYour task: Generate a REALISTIC technical interview for topic: \"Python\" Difficulty: \"hard\"\n\n==================================================\nDIFFICULTY REQUI"
}
----------------------------------------
[2026-06-05T16:58:04.510Z] [INFO] RESPONSE | Model: llama-3.3-70b-versatile | RequestId: 1780678680622-cq3ynkks | Duration: 3888ms
{
  "responsePreview": "```\n{\n  \"mcq\": [\n    {\n      \"question\": \"What is the time complexity of the built-in Python function 'sorted()'?\",\n      \"difficulty\": \"hard\",\n      \"options\": [\"O(n)\", \"O(n log n)\", \"O(n^2)\", \"O(2^n"
}
----------------------------------------
[2026-06-05T16:58:04.510Z] [INFO] TOKEN_USAGE | Model: llama-3.3-70b-versatile | RequestId: 1780678680622-cq3ynkks | Prompt: 414 | Completion: 1460 | Total: 1874
----------------------------------------
[2026-06-05T17:00:54.419Z] [INFO] REQUEST | Model: llama-3.3-70b-versatile | RequestId: 1780678854419-jtujqltz | Temp: 0.2
{
  "promptPreview": "\nYou are a STRICT technical interviewer.\n\nQuestion:\nDesign a scalable REST API for a social media platform that allows users to create and share posts. What are the key considerations and how would yo"
}
----------------------------------------
[2026-06-05T17:00:55.460Z] [INFO] RESPONSE | Model: llama-3.3-70b-versatile | RequestId: 1780678854419-jtujqltz | Duration: 1041ms
{
  "responsePreview": "```\n{\n  \"score\": 8,\n  \"explanation\": \"The user has demonstrated a good understanding of key considerations for designing a scalable REST API, including scalability, authentication, database design, ca"
}
----------------------------------------
[2026-06-05T17:00:55.460Z] [INFO] REQUEST | Model: llama-3.3-70b-versatile | RequestId: 1780678855460-0tk9dcaq | Temp: 0.2
{
  "promptPreview": "\nYou are a STRICT technical interviewer.\n\nQuestion:\nHow would you optimize the performance of a Python program that uses a lot of I/O operations, such as reading and writing to files or databases?\n\nEx"
}
----------------------------------------
[2026-06-05T17:00:55.460Z] [INFO] TOKEN_USAGE | Model: llama-3.3-70b-versatile | RequestId: 1780678854419-jtujqltz | Prompt: 266 | Completion: 198 | Total: 464
----------------------------------------
[2026-06-05T17:00:56.325Z] [INFO] RESPONSE | Model: llama-3.3-70b-versatile | RequestId: 1780678855460-0tk9dcaq | Duration: 865ms
{
  "responsePreview": "{\n  \"score\": 9,\n  \"explanation\": \"The user's answer covers most of the expected keywords and demonstrates a good understanding of optimizing I/O operations in Python. They correctly mention using asyn"
}
----------------------------------------
[2026-06-05T17:00:56.325Z] [INFO] TOKEN_USAGE | Model: llama-3.3-70b-versatile | RequestId: 1780678855460-0tk9dcaq | Prompt: 202 | Completion: 143 | Total: 345
----------------------------------------
[2026-06-05T17:00:56.325Z] [INFO] REQUEST | Model: llama-3.3-70b-versatile | RequestId: 1780678856325-rjx1lfst | Temp: 0.2
{
  "promptPreview": "\nYou are a STRICT technical interviewer.\n\nQuestion:\nDesign a system to handle and process large amounts of log data from a web application. What are the key considerations and how would you implement "
}
----------------------------------------
[2026-06-05T17:00:57.597Z] [INFO] RESPONSE | Model: llama-3.3-70b-versatile | RequestId: 1780678856325-rjx1lfst | Duration: 1272ms
{
  "responsePreview": "{\n  \"score\": 8,\n  \"explanation\": \"The user's answer covers most of the key considerations and implementation details for handling large amounts of log data, including log collection, processing, stora"
}
----------------------------------------
[2026-06-05T17:00:57.597Z] [INFO] TOKEN_USAGE | Model: llama-3.3-70b-versatile | RequestId: 1780678856325-rjx1lfst | Prompt: 233 | Completion: 177 | Total: 410
----------------------------------------
[2026-06-07T14:22:42.521Z] [INFO] REQUEST | Model: llama-3.3-70b-versatile | RequestId: 1780842162521-nevce35s | Temp: 0.5
{
  "promptPreview": "You are a SENIOR TECHNICAL INTERVIEWER.\n\nYour task: Generate a REALISTIC technical interview for topic: \"JWT\" Difficulty: \"medium\"\n\n==================================================\nDIFFICULTY REQUIR"
}
----------------------------------------
[2026-06-07T14:22:47.124Z] [INFO] RESPONSE | Model: llama-3.3-70b-versatile | RequestId: 1780842162521-nevce35s | Duration: 4603ms
{
  "responsePreview": "```\n{\n  \"mcq\": [\n    {\n      \"question\": \"What is the primary purpose of using JSON Web Tokens (JWT) in authentication?\",\n      \"difficulty\": \"medium\",\n      \"options\": [\"A) To store sensitive user da"
}
----------------------------------------
[2026-06-07T14:22:47.124Z] [INFO] TOKEN_USAGE | Model: llama-3.3-70b-versatile | RequestId: 1780842162521-nevce35s | Prompt: 403 | Completion: 1832 | Total: 2235
----------------------------------------
[2026-06-07T14:24:10.582Z] [INFO] REQUEST | Model: llama-3.3-70b-versatile | RequestId: 1780842250582-dwl87gku | Temp: 0.2
{
  "promptPreview": "\nYou are a STRICT technical interviewer.\n\nQuestion:\nDescribe a scenario where you would use JWT tokens for authentication in a microservices architecture. How would you handle token validation and bla"
}
----------------------------------------
[2026-06-07T14:24:11.535Z] [INFO] RESPONSE | Model: llama-3.3-70b-versatile | RequestId: 1780842250582-dwl87gku | Duration: 953ms
{
  "responsePreview": "{\n  \"score\": 8,\n  \"explanation\": \"The user's answer demonstrates a good understanding of using JWT tokens in a microservices architecture, including the role of token validation and blacklisting. They"
}
----------------------------------------
[2026-06-07T14:24:11.535Z] [INFO] TOKEN_USAGE | Model: llama-3.3-70b-versatile | RequestId: 1780842250582-dwl87gku | Prompt: 229 | Completion: 146 | Total: 375
----------------------------------------
[2026-06-07T14:24:11.535Z] [INFO] REQUEST | Model: llama-3.3-70b-versatile | RequestId: 1780842251535-09h10gmw | Temp: 0.2
{
  "promptPreview": "\nYou are a STRICT technical interviewer.\n\nQuestion:\nExplain the difference between JWT tokens and session-based authentication. How would you choose between the two approaches for a given application?"
}
----------------------------------------
[2026-06-07T14:24:12.318Z] [INFO] RESPONSE | Model: llama-3.3-70b-versatile | RequestId: 1780842251535-09h10gmw | Duration: 783ms
{
  "responsePreview": "```json\n{\n  \"score\": 8,\n  \"explanation\": \"The user provided a correct and concise explanation of the difference between JWT tokens and session-based authentication, covering key concepts such as state"
}
----------------------------------------
[2026-06-07T14:24:12.318Z] [INFO] TOKEN_USAGE | Model: llama-3.3-70b-versatile | RequestId: 1780842251535-09h10gmw | Prompt: 216 | Completion: 125 | Total: 341
----------------------------------------
[2026-06-07T14:24:12.318Z] [INFO] REQUEST | Model: llama-3.3-70b-versatile | RequestId: 1780842252318-hu4ortpp | Temp: 0.2
{
  "promptPreview": "\nYou are a STRICT technical interviewer.\n\nQuestion:\nDescribe a scenario where you would use a refresh token to obtain a new access token in a JWT-based authentication system. How would you handle toke"
}
----------------------------------------
[2026-06-07T14:24:13.541Z] [INFO] RESPONSE | Model: llama-3.3-70b-versatile | RequestId: 1780842252318-hu4ortpp | Duration: 1223ms
{
  "responsePreview": "{\n  \"score\": 8,\n  \"explanation\": \"The user's answer correctly describes the scenario where a refresh token is used to obtain a new access token in a JWT-based authentication system, covering key conce"
}
----------------------------------------
[2026-06-07T14:24:13.541Z] [INFO] TOKEN_USAGE | Model: llama-3.3-70b-versatile | RequestId: 1780842252318-hu4ortpp | Prompt: 242 | Completion: 157 | Total: 399
----------------------------------------
[2026-06-08T02:01:46.993Z] [INFO] REQUEST | Model: llama-3.3-70b-versatile | RequestId: 1780884106993-bci5hh7n | Temp: 0.7
{
  "promptPreview": "\nYou are a FRIENDLY TECHNICAL INTERVIEWER for junior/mid-level developers.\n\nGenerate exactly 7 multiple-choice questions (MCQ) and 3 essay questions \nbased on the following skills: React.js, Docker.\n\n"
}
----------------------------------------
[2026-06-08T02:01:50.049Z] [INFO] RESPONSE | Model: llama-3.3-70b-versatile | RequestId: 1780884106993-bci5hh7n | Duration: 3056ms
{
  "responsePreview": "```\n{\n  \"mcq\": [\n    {\n      \"type\": \"mcq\",\n      \"difficulty\": \"easy\",\n      \"question\": \"What is the primary purpose of the 'useState' hook in React.js?\",\n      \"options\": [\"To handle side effects\","
}
----------------------------------------
[2026-06-08T02:03:44.729Z] [INFO] REQUEST | Model: llama-3.1-8b-instant | RequestId: 1780884224729-2yavn65b | Temp: 0.2
{
  "promptPreview": "\nYou are a FAIR senior software engineering interviewer.\n\nEvaluate the candidate answer fairly.\n- Candidate may be junior/intern.\n- Short answers can still receive medium scores if technically correct"
}
----------------------------------------
[2026-06-08T02:03:45.723Z] [INFO] RESPONSE | Model: llama-3.1-8b-instant | RequestId: 1780884224729-2yavn65b | Duration: 994ms
{
  "responsePreview": "{\n  \"score\": 8,\n  \"review\": \"The candidate has demonstrated a good understanding of Docker's benefits for a React.js application. They have mentioned isolation, portability, and efficiency, which are "
}
----------------------------------------
[2026-06-08T02:03:45.723Z] [INFO] REQUEST | Model: llama-3.1-8b-instant | RequestId: 1780884225723-josf4kug | Temp: 0.2
{
  "promptPreview": "\nYou are a FAIR senior software engineering interviewer.\n\nEvaluate the candidate answer fairly.\n- Candidate may be junior/intern.\n- Short answers can still receive medium scores if technically correct"
}
----------------------------------------
[2026-06-08T02:03:46.561Z] [INFO] RESPONSE | Model: llama-3.1-8b-instant | RequestId: 1780884225723-josf4kug | Duration: 838ms
{
  "responsePreview": "{\n  \"score\": 8,\n  \"review\": \"The candidate has a good understanding of Docker optimization techniques and their application to React.js applications. However, they could have provided more details on "
}
----------------------------------------
[2026-06-08T02:03:46.561Z] [INFO] REQUEST | Model: llama-3.1-8b-instant | RequestId: 1780884226561-3vyjitub | Temp: 0.2
{
  "promptPreview": "\nYou are a FAIR senior software engineering interviewer.\n\nEvaluate the candidate answer fairly.\n- Candidate may be junior/intern.\n- Short answers can still receive medium scores if technically correct"
}
----------------------------------------
[2026-06-08T02:03:50.057Z] [INFO] RESPONSE | Model: llama-3.1-8b-instant | RequestId: 1780884226561-3vyjitub | Duration: 3496ms
{
  "responsePreview": "{\n  \"score\": 6,\n  \"review\": \"The candidate has a good understanding of the concept of CI/CD and its implementation. However, the answer lacks details on the specific steps and tools involved.\",\n  \"str"
}
----------------------------------------
[2026-06-08T02:03:50.059Z] [ERROR] ERROR | Model: llama-3.1-8b-instant | RequestId: 1780884226561-3vyjitub | Essay grading Q2 failed after 3498ms
Error: Cannot parse JSON from AI response
    at safeParseJson (D:\DuAnMoi\backend\services\ai\parsers\jsonParser.js:49:13)
    at process.processTicksAndRejections (node:internal/process/task_queues:105:5)
    at async gradeCVAnswersAdvanced (D:\DuAnMoi\backend\services\interview\gradingService.js:88:18)
    at async exports.submitCVAnswers (D:\DuAnMoi\backend\controllers\cvController.js:262:21)
----------------------------------------
[2026-06-08T02:15:10.718Z] [INFO] REQUEST | Model: llama-3.3-70b-versatile | RequestId: 1780884910718-o7a93ue2 | Temp: 0.7
{
  "promptPreview": "\nYou are a FRIENDLY TECHNICAL INTERVIEWER for junior/mid-level developers.\n\nGenerate exactly 7 multiple-choice questions (MCQ) and 3 essay questions \nbased on the following skills: React.js, postman.\n"
}
----------------------------------------
[2026-06-08T02:15:14.786Z] [INFO] RESPONSE | Model: llama-3.3-70b-versatile | RequestId: 1780884910718-o7a93ue2 | Duration: 4068ms
{
  "responsePreview": "```\n{\n  \"mcq\": [\n    {\n      \"type\": \"mcq\",\n      \"difficulty\": \"easy\",\n      \"question\": \"What is the primary function of the useState hook in React.js?\",\n      \"options\": [\"To manage side effects\", "
}
----------------------------------------
[2026-06-08T02:16:45.507Z] [INFO] REQUEST | Model: llama-3.1-8b-instant | RequestId: 1780885005507-wfbh183a | Temp: 0.2
{
  "promptPreview": "\nYou are a FAIR senior software engineering interviewer. Evaluate the candidate answer fairly. Candidate may be junior/intern. Short answers can still receive medium scores if technically correct. Rew"
}
----------------------------------------
[2026-06-08T02:16:46.741Z] [INFO] RESPONSE | Model: llama-3.1-8b-instant | RequestId: 1780885005507-wfbh183a | Duration: 1234ms
{
  "responsePreview": "{\n  \"score\": 6,\n  \"review\": \"Candidate demonstrates a basic understanding of React.js and useState hook, but lacks detail and some key concepts.\",\n  \"strengths\": [\"Basic understanding of useState hook"
}
----------------------------------------
[2026-06-08T02:16:46.741Z] [INFO] REQUEST | Model: llama-3.1-8b-instant | RequestId: 1780885006741-eiii2z0b | Temp: 0.2
{
  "promptPreview": "\nYou are a FAIR senior software engineering interviewer. Evaluate the candidate answer fairly. Candidate may be junior/intern. Short answers can still receive medium scores if technically correct. Rew"
}
----------------------------------------
[2026-06-08T02:16:47.404Z] [INFO] RESPONSE | Model: llama-3.1-8b-instant | RequestId: 1780885006741-eiii2z0b | Duration: 663ms
{
  "responsePreview": "{\n  \"score\": 6,\n  \"review\": \"Candidate demonstrates a good understanding of using Postman to test an API endpoint, but lacks some details.\",\n  \"strengths\": [\"Identifies the HTTP method and API URL\", \""
}
----------------------------------------
[2026-06-08T02:16:47.404Z] [INFO] REQUEST | Model: llama-3.1-8b-instant | RequestId: 1780885007404-m7pxmo1p | Temp: 0.2
{
  "promptPreview": "\nYou are a FAIR senior software engineering interviewer. Evaluate the candidate answer fairly. Candidate may be junior/intern. Short answers can still receive medium scores if technically correct. Rew"
}
----------------------------------------
[2026-06-08T02:16:52.474Z] [INFO] RESPONSE | Model: llama-3.1-8b-instant | RequestId: 1780885007404-m7pxmo1p | Duration: 5070ms
{
  "responsePreview": "{\n  \"score\": 6,\n  \"review\": \"Candidate demonstrates a good understanding of React.js and Postman, but lacks specific details on implementation.\",\n  \"strengths\": [\"Good understanding of React.js and Po"
}
----------------------------------------
[2026-06-08T02:26:33.721Z] [INFO] REQUEST | Model: llama-3.3-70b-versatile | RequestId: 1780885593716-6xxbtdrd | Temp: 0.2
{
  "promptPreview": "\nYou are an expert CV parser specializing in technical skill extraction.\n\nExtract the candidate's full name and ONLY technical skills from the CV.\n\n### ✅ INCLUDE these types of skills:\n- Programming l"
}
----------------------------------------
[2026-06-08T02:26:34.354Z] [INFO] TOKEN_USAGE | Model: llama-3.3-70b-versatile | RequestId: 1780885593716-6xxbtdrd | Prompt: 1290 | Completion: 108 | Total: 1398
----------------------------------------
[2026-06-08T02:26:34.354Z] [INFO] RESPONSE | Model: llama-3.3-70b-versatile | RequestId: 1780885593716-6xxbtdrd | Duration: 634ms
{
  "responsePreview": "```json\n{\n  \"fullName\": \"Nguyễn Đình Hiếu\",\n  \"skills\": {\n    \"frontend\": [\"React.js\", \"Next.js\", \"Tailwind CSS\"],\n    \"backend\": [\"Node.js\", \"Express.js\", \"Mongo DB\", \"MySQL\", \"WebSocket\", \"Stockfish"
}
----------------------------------------
[2026-06-08T02:26:34.796Z] [INFO] REQUEST | Model: llama-3.3-70b-versatile | RequestId: 1780885594795-9zzuq0u2 | Temp: 0.2
{
  "promptPreview": "\nYou are an expert CV parser specializing in technical skill extraction.\n\nExtract the candidate's full name and ONLY technical skills from the CV.\n\n### ✅ INCLUDE these types of skills:\n- Programming l"
}
----------------------------------------
[2026-06-08T02:26:35.227Z] [INFO] RESPONSE | Model: llama-3.3-70b-versatile | RequestId: 1780885594795-9zzuq0u2 | Duration: 431ms
{
  "responsePreview": "```json\n{\n  \"fullName\": \"Nguyễn Đình Hiếu\",\n  \"skills\": {\n    \"frontend\": [\"React.js\", \"Next.js\", \"Tailwind CSS\"],\n    \"backend\": [\"Node.js\", \"Express.js\", \"MongoDB\", \"MySQL\", \"WebSocket\", \"Stockfish\""
}
----------------------------------------
[2026-06-08T02:26:35.227Z] [INFO] TOKEN_USAGE | Model: llama-3.3-70b-versatile | RequestId: 1780885594795-9zzuq0u2 | Prompt: 1300 | Completion: 104 | Total: 1404
----------------------------------------
[2026-06-08T02:27:04.762Z] [INFO] REQUEST | Model: llama-3.3-70b-versatile | RequestId: 1780885624762-2trqo4fi | Temp: 0.7
{
  "promptPreview": "\nYou are a FRIENDLY TECHNICAL INTERVIEWER for junior/mid-level developers.\n\nGenerate exactly 7 multiple-choice questions (MCQ) and 3 essay questions \nbased on the following skills: websocket, SOLID.\n\n"
}
----------------------------------------
[2026-06-08T02:27:09.298Z] [INFO] RESPONSE | Model: llama-3.3-70b-versatile | RequestId: 1780885624762-2trqo4fi | Duration: 4536ms
{
  "responsePreview": "```\n{\n  \"mcq\": [\n    {\n      \"type\": \"mcq\",\n      \"difficulty\": \"easy\",\n      \"question\": \"What is the primary purpose of using WebSockets in a web application?\",\n      \"options\": [\n        \"To handle"
}
----------------------------------------
[2026-06-08T02:27:09.298Z] [INFO] TOKEN_USAGE | Model: llama-3.3-70b-versatile | RequestId: 1780885624762-2trqo4fi | Prompt: 657 | Completion: 1585 | Total: 2242
----------------------------------------
[2026-06-08T02:28:39.379Z] [INFO] REQUEST | Model: llama-3.1-8b-instant | RequestId: 1780885719379-5b0waufb | Temp: 0.2
{
  "promptPreview": "\nYou are a FAIR senior software engineering interviewer. Evaluate the candidate answer fairly. Candidate may be junior/intern. Short answers can still receive medium scores if technically correct. Rew"
}
----------------------------------------
[2026-06-08T02:28:40.272Z] [INFO] RESPONSE | Model: llama-3.1-8b-instant | RequestId: 1780885719379-5b0waufb | Duration: 893ms
{
  "responsePreview": "{\n  \"score\": 6,\n  \"review\": \"Candidate demonstrates a basic understanding of SRP and its application in a chat application. However, the answer could be more detailed and provide concrete examples.\",\n"
}
----------------------------------------
[2026-06-08T02:28:40.273Z] [INFO] REQUEST | Model: llama-3.1-8b-instant | RequestId: 1780885720273-7esh20zh | Temp: 0.2
{
  "promptPreview": "\nYou are a FAIR senior software engineering interviewer. Evaluate the candidate answer fairly. Candidate may be junior/intern. Short answers can still receive medium scores if technically correct. Rew"
}
----------------------------------------
[2026-06-08T02:28:40.272Z] [INFO] TOKEN_USAGE | Model: llama-3.1-8b-instant | RequestId: 1780885719379-5b0waufb | Prompt: 334 | Completion: 219 | Total: 553
----------------------------------------
[2026-06-08T02:28:42.430Z] [INFO] RESPONSE | Model: llama-3.1-8b-instant | RequestId: 1780885720273-7esh20zh | Duration: 2157ms
{
  "responsePreview": "{\n  \"score\": 6,\n  \"review\": \"Candidate demonstrates a basic understanding of WebSockets and their application in real-time communication.\",\n  \"strengths\": [\"Identifies a suitable scenario for WebSocke"
}
----------------------------------------
[2026-06-08T02:28:42.430Z] [INFO] TOKEN_USAGE | Model: llama-3.1-8b-instant | RequestId: 1780885720273-7esh20zh | Prompt: 323 | Completion: 206 | Total: 529
----------------------------------------
[2026-06-08T02:28:42.430Z] [INFO] REQUEST | Model: llama-3.1-8b-instant | RequestId: 1780885722430-sfp285oq | Temp: 0.2
{
  "promptPreview": "\nYou are a FAIR senior software engineering interviewer. Evaluate the candidate answer fairly. Candidate may be junior/intern. Short answers can still receive medium scores if technically correct. Rew"
}
----------------------------------------
[2026-06-08T02:28:45.059Z] [INFO] RESPONSE | Model: llama-3.1-8b-instant | RequestId: 1780885722430-sfp285oq | Duration: 2629ms
{
  "responsePreview": "{\n  \"score\": 6,\n  \"review\": \"Candidate demonstrates a good understanding of the trade-offs between WebSockets and HTTP requests, but lacks detailed explanation and specific examples.\",\n  \"strengths\": "
}
----------------------------------------
[2026-06-08T02:28:45.060Z] [INFO] TOKEN_USAGE | Model: llama-3.1-8b-instant | RequestId: 1780885722430-sfp285oq | Prompt: 348 | Completion: 224 | Total: 572
----------------------------------------
{"timestamp":"2026-06-08T02:49:05.290Z","level":"INFO","type":"REQUEST","model":"llama-3.3-70b-versatile","requestId":"1780886945286-yidh0aga","temperature":0.2,"promptPreview":"\nYou are an expert CV parser specializing in technical skill extraction.\n\nExtract the candidate's full name and ONLY technical skills from the CV.\n\n### ✅ INCLUDE these types of skills:\n- Programming l"}
{"timestamp":"2026-06-08T02:49:06.090Z","level":"INFO","type":"RESPONSE","model":"llama-3.3-70b-versatile","requestId":"1780886945286-yidh0aga","durationMs":800,"responsePreview":"```json\n{\n  \"fullName\": \"Nguyễn Đình Hiếu\",\n  \"skills\": {\n    \"frontend\": [\"React.js\", \"Next.js\", \"Tailwind CSS\"],\n    \"backend\": [\"Node.js\", \"Express.js\", \"Mongo DB\", \"MySQL\", \"WebSocket\", \"JWT\", \"bc"}
{"timestamp":"2026-06-08T02:49:06.697Z","level":"INFO","type":"REQUEST","model":"llama-3.3-70b-versatile","requestId":"1780886946696-unjfbh34","temperature":0.2,"promptPreview":"\nYou are an expert CV parser specializing in technical skill extraction.\n\nExtract the candidate's full name and ONLY technical skills from the CV.\n\n### ✅ INCLUDE these types of skills:\n- Programming l"}
{"timestamp":"2026-06-08T02:49:07.348Z","level":"INFO","type":"RESPONSE","model":"llama-3.3-70b-versatile","requestId":"1780886946696-unjfbh34","durationMs":651,"responsePreview":"```json\n{\n  \"fullName\": \"Nguyễn Đình Hiếu\",\n  \"skills\": {\n    \"frontend\": [\"React.js\", \"Next.js\", \"Tailwind CSS\", \"HTML5\", \"CSS3\"],\n    \"backend\": [\"Node.js\", \"Express.js\", \"MongoDB\", \"MySQL\", \"WebSoc"}
{"timestamp":"2026-06-08T02:49:24.536Z","level":"INFO","type":"REQUEST","model":"llama-3.3-70b-versatile","requestId":"1780886964536-62x5qsef","temperature":0.7,"promptPreview":"\nYou are a FRIENDLY TECHNICAL INTERVIEWER for junior/mid-level developers.\n\nGenerate exactly 7 multiple-choice questions (MCQ) and 3 essay questions \nbased on the following skills: postman.\n\nRules:\n- "}
{"timestamp":"2026-06-08T02:49:27.911Z","level":"INFO","type":"RESPONSE","model":"llama-3.3-70b-versatile","requestId":"1780886964536-62x5qsef","durationMs":3375,"responsePreview":"```\n{\n  \"mcq\": [\n    {\n      \"type\": \"mcq\",\n      \"difficulty\": \"easy\",\n      \"question\": \"What is the primary purpose of Postman?\",\n      \"options\": [\"To test and debug APIs\", \"To create and manage d"}
{"timestamp":"2026-06-08T02:51:35.418Z","level":"INFO","type":"REQUEST","model":"llama-3.1-8b-instant","requestId":"1780887095418-63h9hop9","temperature":0.2,"promptPreview":"\nYou are a FAIR senior software engineering interviewer. Evaluate the candidate answer fairly. Candidate may be junior/intern. Short answers can still receive medium scores if technically correct. Rew"}
{"timestamp":"2026-06-08T02:51:36.733Z","level":"INFO","type":"RESPONSE","model":"llama-3.1-8b-instant","requestId":"1780887095418-63h9hop9","durationMs":1315,"responsePreview":"{\n  \"score\": 8,\n  \"review\": \"Candidate provided a clear and concise explanation of the difference between GET and POST HTTP methods in Postman.\",\n  \"strengths\": [\n    \"Provided a clear explanation of "}
{"timestamp":"2026-06-08T02:51:36.733Z","level":"INFO","type":"REQUEST","model":"llama-3.1-8b-instant","requestId":"1780887096733-uidwjiy0","temperature":0.2,"promptPreview":"\nYou are a FAIR senior software engineering interviewer. Evaluate the candidate answer fairly. Candidate may be junior/intern. Short answers can still receive medium scores if technically correct. Rew"}
{"timestamp":"2026-06-08T02:52:03.467Z","level":"INFO","type":"RESPONSE","model":"llama-3.1-8b-instant","requestId":"1780887096733-uidwjiy0","durationMs":26734,"responsePreview":"{\n  \"score\": 6,\n  \"review\": \"Candidate has a good understanding of using Postman for API testing and debugging, but lacks some details.\",\n  \"strengths\": [\"Understands the concept of using Postman for "}
{"timestamp":"2026-06-08T02:52:03.468Z","level":"INFO","type":"REQUEST","model":"llama-3.1-8b-instant","requestId":"1780887123468-rg5f3149","temperature":0.2,"promptPreview":"\nYou are a FAIR senior software engineering interviewer. Evaluate the candidate answer fairly. Candidate may be junior/intern. Short answers can still receive medium scores if technically correct. Rew"}
{"timestamp":"2026-06-08T02:52:05.201Z","level":"INFO","type":"RESPONSE","model":"llama-3.1-8b-instant","requestId":"1780887123468-rg5f3149","durationMs":1733,"responsePreview":"{\n  \"score\": 0,\n  \"review\": \"Candidate did not provide a valid answer.\",\n  \"strengths\": [],\n  \"weaknesses\": [\"Lack of understanding of the question\", \"Failed to provide a valid answer\"],\n  \"improvemen"}


{"timestamp":"2026-06-08T03:16:16.403Z","level":"INFO","type":"REQUEST","model":"llama-3.3-70b-versatile","requestId":"1780888576401-4zewp3tb","temperature":0.2,"promptPreview":"\nYou are an expert CV parser specializing in technical skill extraction.\n\nExtract the candidate's full name and ONLY technical skills from the CV.\n\n### ✅ INCLUDE these types of skills:\n- Programming l"}
{"timestamp":"2026-06-08T03:16:18.261Z","level":"INFO","type":"RESPONSE","model":"llama-3.3-70b-versatile","requestId":"1780888576401-4zewp3tb","durationMs":1858,"responsePreview":"```json\n{\n  \"fullName\": \"Nguyễn Đình Hiếu\",\n  \"skills\": {\n    \"frontend\": [\"React.js\", \"Next.js\", \"Tailwind CSS\"],\n    \"backend\": [\"Node.js\", \"Express.js\", \"Mongo DB\", \"MySQL\", \"JWT\", \"bcrypt\", \"WebSo"}
{"timestamp":"2026-06-08T03:16:18.681Z","level":"INFO","type":"REQUEST","model":"llama-3.3-70b-versatile","requestId":"1780888578680-chcfxrjv","temperature":0.2,"promptPreview":"\nYou are an expert CV parser specializing in technical skill extraction.\n\nExtract the candidate's full name and ONLY technical skills from the CV.\n\n### ✅ INCLUDE these types of skills:\n- Programming l"}
{"timestamp":"2026-06-08T03:16:19.564Z","level":"INFO","type":"RESPONSE","model":"llama-3.3-70b-versatile","requestId":"1780888578680-chcfxrjv","durationMs":883,"responsePreview":"```json\n{\n  \"fullName\": \"Nguyễn Đình Hiếu\",\n  \"skills\": {\n    \"frontend\": [\"React.js\", \"Next.js\", \"Tailwind CSS\"],\n    \"backend\": [\"Node.js\", \"Express.js\", \"Mongo DB\", \"JWT\", \"bcrypt\", \"Stockfish\", \"W"}
{"timestamp":"2026-06-08T03:17:39.898Z","level":"INFO","type":"REQUEST","model":"llama-3.3-70b-versatile","requestId":"1780888659898-kjc565j7","temperature":0.7,"promptPreview":"\nYou are a FRIENDLY TECHNICAL INTERVIEWER for junior/mid-level developers.\n\nGenerate exactly 7 multiple-choice questions (MCQ) and 3 essay questions \nbased on the following skills: bcrypt, OOP.\n\nRules"}
{"timestamp":"2026-06-08T03:17:43.647Z","level":"INFO","type":"RESPONSE","model":"llama-3.3-70b-versatile","requestId":"1780888659898-kjc565j7","durationMs":3749,"responsePreview":"```\n{\n  \"mcq\": [\n    {\n      \"type\": \"mcq\",\n      \"difficulty\": \"easy\",\n      \"question\": \"What is the main purpose of using bcrypt in password storage?\",\n      \"options\": [\n        \"To encrypt passwo"}
{"timestamp":"2026-06-08T03:18:48.880Z","level":"INFO","type":"REQUEST","model":"llama-3.1-8b-instant","requestId":"1780888728880-vvlmrei2","temperature":0.2,"promptPreview":"\nYou are a FAIR senior software engineering interviewer. Evaluate the candidate answer fairly. Candidate may be junior/intern. Short answers can still receive medium scores if technically correct. Rew"}
{"timestamp":"2026-06-08T03:18:51.600Z","level":"INFO","type":"RESPONSE","model":"llama-3.1-8b-instant","requestId":"1780888728880-vvlmrei2","durationMs":2720,"responsePreview":"{\n  \"score\": 6,\n  \"review\": \"Candidate demonstrates a good understanding of inheritance, but lacks a clear example.\",\n  \"strengths\": [\"Understands the concept of inheritance\", \"Mentions reusing code a"}
{"timestamp":"2026-06-08T03:18:51.600Z","level":"INFO","type":"REQUEST","model":"llama-3.1-8b-instant","requestId":"1780888731600-3d9yg3u8","temperature":0.2,"promptPreview":"\nYou are a FAIR senior software engineering interviewer. Evaluate the candidate answer fairly. Candidate may be junior/intern. Short answers can still receive medium scores if technically correct. Rew"}
{"timestamp":"2026-06-08T03:18:52.040Z","level":"INFO","type":"RESPONSE","model":"llama-3.1-8b-instant","requestId":"1780888731600-3d9yg3u8","durationMs":440,"responsePreview":"{\n  \"score\": 2,\n  \"review\": \"Candidate failed to provide any relevant information.\",\n  \"strengths\": [],\n  \"weaknesses\": [\"Lack of understanding of fundamental concepts\"],\n  \"improvements\": [\"Review th"}
{"timestamp":"2026-06-08T03:18:52.040Z","level":"INFO","type":"REQUEST","model":"llama-3.1-8b-instant","requestId":"1780888732040-6ng000xu","temperature":0.2,"promptPreview":"\nYou are a FAIR senior software engineering interviewer. Evaluate the candidate answer fairly. Candidate may be junior/intern. Short answers can still receive medium scores if technically correct. Rew"}
{"timestamp":"2026-06-08T03:18:55.129Z","level":"INFO","type":"RESPONSE","model":"llama-3.1-8b-instant","requestId":"1780888732040-6ng000xu","durationMs":3089,"responsePreview":"{\n  \"score\": 2,\n  \"review\": \"Candidate failed to provide a correct answer, indicating a lack of understanding of the concept.\",\n  \"strengths\": [],\n  \"weaknesses\": [\"Lack of knowledge about polymorphis"}
{"timestamp":"2026-06-08T03:27:57.486Z","level":"INFO","type":"REQUEST","model":"llama-3.3-70b-versatile","requestId":"1780889277482-52yoiia0","temperature":0.2,"promptPreview":"You are a CV parser. Extract the candidate's full name and ONLY technical skills.\n\nINCLUDE: Programming languages, frameworks, databases, DevOps tools, technical concepts (REST API, GraphQL, OOP, etc."}
{"timestamp":"2026-06-08T03:27:58.235Z","level":"INFO","type":"RESPONSE","model":"llama-3.3-70b-versatile","requestId":"1780889277482-52yoiia0","durationMs":749,"responsePreview":"{\n  \"fullName\": \"Nguyễn Đình Hiếu\",\n  \"skills\": {\n    \"frontend\": [\"React.js\", \"Next.js\", \"Tailwind CSS\"],\n    \"backend\": [\"Node.js\", \"Express.js\", \"MongoDB\", \"MySQL\", \"WebSocket\"],\n    \"theory\": [\"OO"}
{"timestamp":"2026-06-08T03:27:58.680Z","level":"INFO","type":"REQUEST","model":"llama-3.3-70b-versatile","requestId":"1780889278679-y2nkmk3f","temperature":0.2,"promptPreview":"You are a CV parser. Extract the candidate's full name and ONLY technical skills.\n\nINCLUDE: Programming languages, frameworks, databases, DevOps tools, technical concepts (REST API, GraphQL, OOP, etc."}
{"timestamp":"2026-06-08T03:27:59.080Z","level":"INFO","type":"RESPONSE","model":"llama-3.3-70b-versatile","requestId":"1780889278679-y2nkmk3f","durationMs":400,"responsePreview":"{\n  \"fullName\": \"Nguyễn Đình Hiếu\",\n  \"skills\": {\n    \"frontend\": [\"React.js\", \"Next.js\", \"Tailwind CSS\"],\n    \"backend\": [\"Node.js\", \"Express.js\", \"MongoDB\", \"WebSocket\", \"JWT\", \"bcrypt\", \"Docker\"],\n"}
{"timestamp":"2026-06-08T03:28:22.129Z","level":"INFO","type":"REQUEST","model":"llama-3.3-70b-versatile","requestId":"1780889302129-bc78p0gd","temperature":0.7,"promptPreview":"\nYou are a FRIENDLY TECHNICAL INTERVIEWER for junior/mid-level developers.\n\nGenerate exactly 7 multiple-choice questions (MCQ) and 3 essay questions \nbased on the following skills: Next.js, SOLID.\n\nRu"}
{"timestamp":"2026-06-08T03:28:26.090Z","level":"INFO","type":"RESPONSE","model":"llama-3.3-70b-versatile","requestId":"1780889302129-bc78p0gd","durationMs":3961,"responsePreview":"```\n{\n  \"mcq\": [\n    {\n      \"type\": \"mcq\",\n      \"difficulty\": \"easy\",\n      \"question\": \"What is the primary purpose of using Next.js?\",\n      \"options\": [\"To create a single-page application\", \"To "}
{"timestamp":"2026-06-08T03:29:34.283Z","level":"INFO","type":"REQUEST","model":"llama-3.1-8b-instant","requestId":"1780889374283-b1v2sf5u","temperature":0.2,"promptPreview":"\nYou are a FAIR senior software engineering interviewer. Evaluate the candidate answer fairly. Candidate may be junior/intern. Short answers can still receive medium scores if technically correct. Rew"}
{"timestamp":"2026-06-08T03:29:35.110Z","level":"INFO","type":"RESPONSE","model":"llama-3.1-8b-instant","requestId":"1780889374283-b1v2sf5u","durationMs":827,"responsePreview":"{\n  \"score\": 6,\n  \"review\": \"Candidate demonstrates a good understanding of server-side rendering in Next.js, but lacks detailed explanation of benefits.\",\n  \"strengths\": [\"Understands the concept of "}
{"timestamp":"2026-06-08T03:29:35.111Z","level":"INFO","type":"REQUEST","model":"llama-3.1-8b-instant","requestId":"1780889375111-o672y2f1","temperature":0.2,"promptPreview":"\nYou are a FAIR senior software engineering interviewer. Evaluate the candidate answer fairly. Candidate may be junior/intern. Short answers can still receive medium scores if technically correct. Rew"}
{"timestamp":"2026-06-08T03:29:40.124Z","level":"INFO","type":"RESPONSE","model":"llama-3.1-8b-instant","requestId":"1780889375111-o672y2f1","durationMs":5013,"responsePreview":"{\n  \"score\": 8,\n  \"review\": \"Good understanding of Single Responsibility Principle (SRP) and its application in a real-world scenario.\",\n  \"strengths\": [\n    \"Correctly defined SRP\",\n    \"Provided a c"}
{"timestamp":"2026-06-08T03:29:40.125Z","level":"INFO","type":"REQUEST","model":"llama-3.1-8b-instant","requestId":"1780889380125-s6luwtd7","temperature":0.2,"promptPreview":"\nYou are a FAIR senior software engineering interviewer. Evaluate the candidate answer fairly. Candidate may be junior/intern. Short answers can still receive medium scores if technically correct. Rew"}
{"timestamp":"2026-06-08T03:29:41.463Z","level":"INFO","type":"RESPONSE","model":"llama-3.1-8b-instant","requestId":"1780889380125-s6luwtd7","durationMs":1338,"responsePreview":"{\n  \"score\": 6,\n  \"review\": \"Candidate demonstrates a good understanding of Dependency Injection and its relation to the Dependency Inversion Principle. However, the explanation could be more detailed"}
{"timestamp":"2026-06-08T03:37:20.643Z","level":"INFO","type":"REQUEST","model":"llama-3.3-70b-versatile","requestId":"1780889840640-zj7k0tii","temperature":0.2,"promptPreview":"You are a CV parser. Extract the candidate's full name and ONLY technical skills.\n\nINCLUDE: Programming languages, frameworks, databases, DevOps tools, technical concepts (REST API, GraphQL, OOP, etc."}
{"timestamp":"2026-06-08T03:37:21.741Z","level":"INFO","type":"RESPONSE","model":"llama-3.3-70b-versatile","requestId":"1780889840640-zj7k0tii","durationMs":1098,"responsePreview":"```\n{\n  \"fullName\": \"Bui Tien Dat\",\n  \"skills\": {\n    \"frontend\": [\"React.js\"],\n    \"backend\": [\"Node.js\", \"Express.js\", \"Mongoose\", \"MongoDB\", \"JWT\", \"bcrypt\"],\n    \"theory\": [],\n    \"devops\": [\"Git\""}
{"timestamp":"2026-06-08T03:37:22.030Z","level":"INFO","type":"REQUEST","model":"llama-3.3-70b-versatile","requestId":"1780889842030-63p1rjdu","temperature":0.2,"promptPreview":"You are a CV parser. Extract the candidate's full name and ONLY technical skills.\n\nINCLUDE: Programming languages, frameworks, databases, DevOps tools, technical concepts (REST API, GraphQL, OOP, etc."}
{"timestamp":"2026-06-08T03:37:22.791Z","level":"INFO","type":"RESPONSE","model":"llama-3.3-70b-versatile","requestId":"1780889842030-63p1rjdu","durationMs":761,"responsePreview":"```\n{\n  \"fullName\": \"Bui Tien Dat\",\n  \"skills\": {\n    \"frontend\": [\"React.js\"],\n    \"backend\": [\"Node.js\", \"Express.js\", \"Mongoose\", \"Mongo DB\", \"JWT\", \"bcrypt\"],\n    \"theory\": [],\n    \"devops\": [\"Git"}
{"timestamp":"2026-06-08T03:37:45.044Z","level":"INFO","type":"REQUEST","model":"llama-3.3-70b-versatile","requestId":"1780889865044-y7mosm9m","temperature":0.7,"promptPreview":"\nYou are a FRIENDLY TECHNICAL INTERVIEWER for junior/mid-level developers.\n\nGenerate exactly 7 multiple-choice questions (MCQ) and 3 essay questions \nbased on the following skills: React.js, JWT.\n\nRul"}
{"timestamp":"2026-06-08T03:37:49.307Z","level":"INFO","type":"RESPONSE","model":"llama-3.3-70b-versatile","requestId":"1780889865044-y7mosm9m","durationMs":4263,"responsePreview":"```\n{\n  \"mcq\": [\n    {\n      \"type\": \"mcq\",\n      \"difficulty\": \"easy\",\n      \"question\": \"What is the primary purpose of using JWT in a React.js application?\",\n      \"options\": [\"To handle state mana"}
{"timestamp":"2026-06-08T03:39:48.761Z","level":"INFO","type":"REQUEST","model":"llama-3.1-8b-instant","requestId":"1780889988761-dj72mzbg","temperature":0.2,"promptPreview":"\nYou are a FAIR senior software engineering interviewer. Evaluate the candidate answer fairly. Candidate may be junior/intern. Short answers can still receive medium scores if technically correct. Rew"}
{"timestamp":"2026-06-08T03:39:49.708Z","level":"INFO","type":"RESPONSE","model":"llama-3.1-8b-instant","requestId":"1780889988761-dj72mzbg","durationMs":947,"responsePreview":"{\n  \"score\": 6,\n  \"review\": \"Candidate demonstrates a good understanding of state management in React.js, but lacks detailed explanation.\",\n  \"strengths\": [\"Identifies the importance of state manageme"}
{"timestamp":"2026-06-08T03:39:49.708Z","level":"INFO","type":"REQUEST","model":"llama-3.1-8b-instant","requestId":"1780889989708-vzl3vkti","temperature":0.2,"promptPreview":"\nYou are a FAIR senior software engineering interviewer. Evaluate the candidate answer fairly. Candidate may be junior/intern. Short answers can still receive medium scores if technically correct. Rew"}
{"timestamp":"2026-06-08T03:39:52.263Z","level":"INFO","type":"RESPONSE","model":"llama-3.1-8b-instant","requestId":"1780889989708-vzl3vkti","durationMs":2555,"responsePreview":"{\n  \"score\": 7,\n  \"review\": \"Candidate demonstrates a good understanding of JWT authentication in a React.js application, but lacks detailed explanation of benefits.\",\n  \"strengths\": [\"Identifies a su"}
{"timestamp":"2026-06-08T03:39:52.263Z","level":"INFO","type":"REQUEST","model":"llama-3.1-8b-instant","requestId":"1780889992263-5h4pjx6t","temperature":0.2,"promptPreview":"\nYou are a FAIR senior software engineering interviewer. Evaluate the candidate answer fairly. Candidate may be junior/intern. Short answers can still receive medium scores if technically correct. Rew"}
{"timestamp":"2026-06-08T03:39:54.337Z","level":"INFO","type":"RESPONSE","model":"llama-3.1-8b-instant","requestId":"1780889992263-5h4pjx6t","durationMs":2074,"responsePreview":"{\n  \"score\": 6,\n  \"review\": \"Candidate demonstrates a basic understanding of JWT and session-based authentication, but lacks depth in their comparison.\",\n  \"strengths\": [\"Identifies key differences be"}
{"timestamp":"2026-06-08T03:51:45.711Z","level":"INFO","type":"REQUEST","model":"llama-3.3-70b-versatile","requestId":"1780890705706-euhv1km4","temperature":0.2,"promptPreview":"You are a CV parser. Extract the candidate's full name and ONLY technical skills.\n\nINCLUDE: Programming languages, frameworks, databases, DevOps tools, technical concepts (REST API, GraphQL, OOP, etc."}
{"timestamp":"2026-06-08T03:51:46.554Z","level":"INFO","type":"RESPONSE","model":"llama-3.3-70b-versatile","requestId":"1780890705706-euhv1km4","durationMs":843,"responsePreview":"{\n  \"fullName\": \"Nguyễn Đình Hiếu\",\n  \"skills\": {\n    \"frontend\": [\"React.js\", \"Next.js\", \"Tailwind CSS\"],\n    \"backend\": [\"Node.js\", \"Express.js\", \"MongoDB\", \"MySQL\", \"WebSocket\"],\n    \"theory\": [\"OO"}
{"timestamp":"2026-06-08T03:53:39.866Z","level":"INFO","type":"REQUEST","model":"llama-3.3-70b-versatile","requestId":"1780890819863-yk5meid6","temperature":0.2,"promptPreview":"You are a CV parser. Extract the candidate's full name and ONLY technical skills.\n\nINCLUDE: Programming languages, frameworks, databases, DevOps tools, technical concepts (REST API, GraphQL, OOP, etc."}
{"timestamp":"2026-06-08T03:53:40.602Z","level":"INFO","type":"RESPONSE","model":"llama-3.3-70b-versatile","requestId":"1780890819863-yk5meid6","durationMs":736,"responsePreview":"```\n{\n  \"fullName\": \"Nguyễn Đình Hiếu\",\n  \"skills\": {\n    \"frontend\": [\"React.js\", \"Next.js\", \"Tailwind CSS\"],\n    \"backend\": [\"Node.js\", \"Express.js\", \"MongoDB\", \"MySQL\", \"WebSocket\"],\n    \"theory\": "}
{"timestamp":"2026-06-08T03:53:55.341Z","level":"INFO","type":"REQUEST","model":"llama-3.3-70b-versatile","requestId":"1780890835341-94csb1fb","temperature":0.7,"promptPreview":"\nYou are a FRIENDLY TECHNICAL INTERVIEWER for junior/mid-level developers.\n\nGenerate exactly 7 multiple-choice questions (MCQ) and 3 essay questions \nbased on the following skills: SOLID, Git.\n\nRules:"}
{"timestamp":"2026-06-08T03:54:55.351Z","level":"WARN","type":"TIMEOUT","model":"llama-3.3-70b-versatile","requestId":"1780890835341-94csb1fb","timeoutMs":60000,"message":"Request exceeded 60000ms without response"}
{"timestamp":"2026-06-08T04:03:23.860Z","level":"INFO","type":"REQUEST","model":"llama-3.3-70b-versatile","requestId":"1780891403857-y9dla9z7","temperature":0.2,"promptPreview":"You are a CV parser. Extract the candidate's full name and ONLY technical skills.\n\nINCLUDE: Programming languages, frameworks, databases, DevOps tools, technical concepts (REST API, GraphQL, OOP, etc."}
{"timestamp":"2026-06-08T04:03:24.747Z","level":"INFO","type":"RESPONSE","model":"llama-3.3-70b-versatile","requestId":"1780891403857-y9dla9z7","durationMs":887,"responsePreview":"```\n{\n  \"fullName\": \"NGUYỄNĐÌNH HIẾU\",\n  \"skills\": {\n    \"frontend\": [\"React.js\", \"Tailwind CSS\"],\n    \"backend\": [\"Node.js\", \"Java\", \"Python\", \"Express.js\", \"Mongo DB\", \"SQL Server\", \"Prisma\", \"Fireb"}
{"timestamp":"2026-06-08T04:03:32.967Z","level":"INFO","type":"REQUEST","model":"llama-3.3-70b-versatile","requestId":"1780891412965-eu328yfh","temperature":0.2,"promptPreview":"You are a CV parser. Extract the candidate's full name and ONLY technical skills.\n\nINCLUDE: Programming languages, frameworks, databases, DevOps tools, technical concepts (REST API, GraphQL, OOP, etc."}
{"timestamp":"2026-06-08T04:03:33.694Z","level":"INFO","type":"RESPONSE","model":"llama-3.3-70b-versatile","requestId":"1780891412965-eu328yfh","durationMs":727,"responsePreview":"```\n{\n  \"fullName\": \"Nguyễn Đình Hiếu\",\n  \"skills\": {\n    \"frontend\": [\"React.js\", \"Next.js\", \"Tailwind CSS\"],\n    \"backend\": [\"Node.js\", \"Express.js\", \"MongoDB\", \"MySQL\", \"WebSocket\"],\n    \"theory\": "}
{"timestamp":"2026-06-08T04:04:04.383Z","level":"INFO","type":"REQUEST","model":"llama-3.3-70b-versatile","requestId":"1780891444383-4fkgh2ov","temperature":0.7,"promptPreview":"\nYou are a FRIENDLY TECHNICAL INTERVIEWER for junior/mid-level developers.\n\nGenerate exactly 7 multiple-choice questions (MCQ) and 3 essay questions \nbased on the following skills: Next.js, OOP.\n\nRule"}
{"timestamp":"2026-06-08T04:04:08.398Z","level":"INFO","type":"RESPONSE","model":"llama-3.3-70b-versatile","requestId":"1780891444383-4fkgh2ov","durationMs":4015,"responsePreview":"```\n{\n  \"mcq\": [\n    {\n      \"type\": \"mcq\",\n      \"difficulty\": \"easy\",\n      \"question\": \"What is the primary purpose of using Next.js in a React application?\",\n      \"options\": [\"To improve backend "}
{"timestamp":"2026-06-08T04:05:45.715Z","level":"INFO","type":"REQUEST","model":"llama-3.1-8b-instant","requestId":"1780891545714-bhp9w746","temperature":0.2,"promptPreview":"\nYou are a FAIR senior software engineering interviewer. Evaluate the candidate answer fairly. Candidate may be junior/intern. Short answers can still receive medium scores if technically correct. Rew"}
{"timestamp":"2026-06-08T04:05:46.237Z","level":"INFO","type":"RESPONSE","model":"llama-3.1-8b-instant","requestId":"1780891545714-bhp9w746","durationMs":522,"responsePreview":"{\n  \"score\": 2,\n  \"review\": \"Irrelevant answer to the question\",\n  \"strengths\": [],\n  \"weaknesses\": [\"Lack of understanding of OOP concepts\", \"Off-topic answer\"],\n  \"improvements\": [\"Focus on explaini"}
{"timestamp":"2026-06-08T04:05:46.238Z","level":"INFO","type":"REQUEST","model":"llama-3.1-8b-instant","requestId":"1780891546238-owenyt84","temperature":0.2,"promptPreview":"\nYou are a FAIR senior software engineering interviewer. Evaluate the candidate answer fairly. Candidate may be junior/intern. Short answers can still receive medium scores if technically correct. Rew"}
{"timestamp":"2026-06-08T04:06:16.243Z","level":"WARN","type":"TIMEOUT","model":"llama-3.1-8b-instant","requestId":"1780891546238-owenyt84","timeoutMs":30000,"message":"Request exceeded 30000ms without response"}
{"timestamp":"2026-06-08T04:06:16.245Z","level":"INFO","type":"REQUEST","model":"llama-3.1-8b-instant","requestId":"1780891576245-qn5js3un","temperature":0.2,"promptPreview":"\nYou are a FAIR senior software engineering interviewer. Evaluate the candidate answer fairly. Candidate may be junior/intern. Short answers can still receive medium scores if technically correct. Rew"}
{"timestamp":"2026-06-08T04:06:18.443Z","level":"INFO","type":"RESPONSE","model":"llama-3.1-8b-instant","requestId":"1780891576245-qn5js3un","durationMs":2198,"responsePreview":"{\n  \"score\": 6,\n  \"review\": \"Candidate demonstrates a good understanding of encapsulation in OOP, but the explanation could be more detailed and accurate.\",\n  \"strengths\": [\"Candidate is able to expla"}
{"timestamp":"2026-06-08T04:10:32.714Z","level":"INFO","type":"REQUEST","model":"llama-3.1-8b-instant","requestId":"1780891832714-d1j1fdy8","temperature":0.1,"promptPreview":"You are an expert technical interviewer. Grade this answer strictly and fairly.\n\nQuestion: Explain the concept of inheritance in OOP and provide an example of how it can be used in a React application"}
{"timestamp":"2026-06-08T04:10:32.715Z","level":"INFO","type":"REQUEST","model":"llama-3.1-8b-instant","requestId":"1780891832715-g0rg5217","temperature":0.1,"promptPreview":"You are an expert technical interviewer. Grade this answer strictly and fairly.\n\nQuestion: Describe the differences between server-side rendering and client-side rendering in a Next.js application, an"}
{"timestamp":"2026-06-08T04:10:32.715Z","level":"INFO","type":"REQUEST","model":"llama-3.1-8b-instant","requestId":"1780891832715-n4p2a6kf","temperature":0.1,"promptPreview":"You are an expert technical interviewer. Grade this answer strictly and fairly.\n\nQuestion: Explain the concept of encapsulation in OOP and provide an example of how it can be used in a JavaScript appl"}
{"timestamp":"2026-06-08T04:10:33.472Z","level":"INFO","type":"RESPONSE","model":"llama-3.1-8b-instant","requestId":"1780891832714-d1j1fdy8","durationMs":758,"responsePreview":"{\n  \"score\": 2,\n  \"review\": \"The candidate's answer is completely off-topic and does not address the question about inheritance in OOP and its application in a React application.\",\n  \"strengths\": [],\n"}
{"timestamp":"2026-06-08T04:10:39.038Z","level":"INFO","type":"RESPONSE","model":"llama-3.1-8b-instant","requestId":"1780891832715-g0rg5217","durationMs":6323,"responsePreview":"{\n  \"score\": 0,\n  \"review\": \"The candidate failed to provide any relevant information, indicating a lack of understanding of the topic.\",\n  \"strengths\": [],\n  \"weaknesses\": [\"Lack of knowledge about s"}
{"timestamp":"2026-06-08T04:10:47.720Z","level":"WARN","type":"TIMEOUT","model":"llama-3.1-8b-instant","requestId":"1780891832715-n4p2a6kf","timeoutMs":15000,"message":"Request exceeded 15000ms without response"}
{"timestamp":"2026-06-08T04:17:56.669Z","level":"INFO","type":"REQUEST","model":"llama-3.3-70b-versatile","requestId":"1780892276666-c4l04aqb","temperature":0.2,"promptPreview":"You are a CV parser. Extract the candidate's full name and ONLY technical skills.\n\nINCLUDE: Programming languages, frameworks, databases, DevOps tools, technical concepts (REST API, GraphQL, OOP, etc."}
{"timestamp":"2026-06-08T04:17:57.424Z","level":"INFO","type":"RESPONSE","model":"llama-3.3-70b-versatile","requestId":"1780892276666-c4l04aqb","durationMs":755,"responsePreview":"{\n  \"fullName\": \"Nguyễn Đình Hiếu\",\n  \"skills\": {\n    \"frontend\": [\"React.js\", \"Next.js\", \"Tailwind CSS\"],\n    \"backend\": [\"Node.js\", \"Express.js\", \"MongoDB\", \"MySQL\", \"WebSocket\"],\n    \"theory\": [\"OO"}
{"timestamp":"2026-06-08T04:18:07.990Z","level":"INFO","type":"REQUEST","model":"llama-3.3-70b-versatile","requestId":"1780892287990-pb19weuo","temperature":0.7,"promptPreview":"\nYou are a FRIENDLY TECHNICAL INTERVIEWER for junior/mid-level developers.\n\nGenerate exactly 7 multiple-choice questions (MCQ) and 3 essay questions \nbased on the following skills: websocket, Docker.\n"}
{"timestamp":"2026-06-08T04:18:11.351Z","level":"INFO","type":"RESPONSE","model":"llama-3.3-70b-versatile","requestId":"1780892287990-pb19weuo","durationMs":3361,"responsePreview":"```\n{\n  \"mcq\": [\n    {\n      \"type\": \"mcq\",\n      \"difficulty\": \"easy\",\n      \"question\": \"What is the primary purpose of using WebSockets?\",\n      \"options\": [\"To handle HTTP requests\", \"To establish"}
{"timestamp":"2026-06-08T04:18:11.352Z","level":"ERROR","type":"ERROR","model":"llama-3.3-70b-versatile","requestId":"1780892287990-pb19weuo","context":"generateQuestionsFromCV failed after 3362ms","error":{"message":"Cannot parse JSON from AI response","stack":"Error: Cannot parse JSON from AI response\n    at safeParseJson (D:\\DuAnMoi\\backend\\services\\ai\\parsers\\jsonParser.js:61:13)\n    at process.processTicksAndRejections (node:internal/process/task_queues:105:5)\n    at async generateQuestionsFromCV (D:\\DuAnMoi\\backend\\services\\interview\\generateQuestions.js:98:20)\n    at async exports.generateQuestionsFromText (D:\\DuAnMoi\\backend\\controllers\\cvController.js:132:23)"}}
{"timestamp":"2026-06-08T04:22:01.857Z","level":"INFO","type":"REQUEST","model":"llama-3.3-70b-versatile","requestId":"1780892521854-ftm1irhy","temperature":0.2,"promptPreview":"You are a CV parser. Extract the candidate's full name and ONLY technical skills.\n\nINCLUDE: Programming languages, frameworks, databases, DevOps tools, technical concepts (REST API, GraphQL, OOP, etc."}
{"timestamp":"2026-06-08T04:22:02.474Z","level":"INFO","type":"RESPONSE","model":"llama-3.3-70b-versatile","requestId":"1780892521854-ftm1irhy","durationMs":617,"responsePreview":"```\n{\n  \"fullName\": \"Nguyễn Đình Hiếu\",\n  \"skills\": {\n    \"frontend\": [\"React.js\", \"Next.js\", \"Tailwind CSS\"],\n    \"backend\": [\"Node.js\", \"Express.js\", \"MongoDB\", \"MySQL\", \"WebSocket\"],\n    \"theory\": "}
{"timestamp":"2026-06-08T04:22:22.508Z","level":"INFO","type":"REQUEST","model":"llama-3.3-70b-versatile","requestId":"1780892542508-qfx5xg0m","temperature":0.7,"promptPreview":"\nYou are a FRIENDLY TECHNICAL INTERVIEWER for junior/mid-level developers.\n\nGenerate exactly 7 multiple-choice questions (MCQ) and 3 essay questions \nbased on the following skills: OOP, Docker.\n\nRules"}
{"timestamp":"2026-06-08T04:22:25.510Z","level":"INFO","type":"RESPONSE","model":"llama-3.3-70b-versatile","requestId":"1780892542508-qfx5xg0m","durationMs":3002,"responsePreview":"```\n{\n  \"mcq\": [\n    {\n      \"type\": \"mcq\",\n      \"difficulty\": \"easy\",\n      \"question\": \"What is the main purpose of using Docker?\",\n      \"options\": [\"To improve code quality\", \"To increase applica"}
{"timestamp":"2026-06-08T04:36:05.634Z","level":"INFO","type":"REQUEST","model":"llama-3.3-70b-versatile","requestId":"1780893365631-5eoeya94","temperature":0.2,"promptPreview":"You are a CV parser. Extract the candidate's full name and ONLY technical skills.\n\nINCLUDE: Programming languages, frameworks, databases, DevOps tools, technical concepts (REST API, GraphQL, OOP, etc."}
{"timestamp":"2026-06-08T04:36:06.548Z","level":"INFO","type":"RESPONSE","model":"llama-3.3-70b-versatile","requestId":"1780893365631-5eoeya94","durationMs":914,"responsePreview":"```\n{\n  \"fullName\": \"Nguyễn Đình Hiếu\",\n  \"skills\": {\n    \"frontend\": [\"React.js\", \"Next.js\", \"Tailwind CSS\"],\n    \"backend\": [\"Node.js\", \"Express.js\", \"MongoDB\", \"MySQL\", \"WebSocket\"],\n    \"theory\": "}
{"timestamp":"2026-06-08T04:36:21.940Z","level":"INFO","type":"REQUEST","model":"llama-3.3-70b-versatile","requestId":"1780893381940-kau992nu","temperature":0.7,"promptPreview":"\nYou are a FRIENDLY TECHNICAL INTERVIEWER for junior/mid-level developers.\n\nGenerate exactly 7 multiple-choice questions (MCQ) and 3 essay questions \nbased on the following skills: Next.js, Docker.\n\nR"}
{"timestamp":"2026-06-08T04:36:25.811Z","level":"INFO","type":"RESPONSE","model":"llama-3.3-70b-versatile","requestId":"1780893381940-kau992nu","durationMs":3871,"responsePreview":"```\n{\n  \"mcq\": [\n    {\n      \"type\": \"mcq\",\n      \"difficulty\": \"easy\",\n      \"question\": \"What is the primary purpose of using Next.js in a web application?\",\n      \"options\": [\n        \"To create a "}
{"timestamp":"2026-06-08T04:39:26.827Z","level":"INFO","type":"REQUEST","model":"llama-3.1-8b-instant","requestId":"1780893566827-lqmt11mk","temperature":0.1,"promptPreview":"You are an expert technical interviewer. Grade this answer strictly and fairly.\n\nQuestion: Explain the concept of server-side rendering in Next.js and its benefits.\nExpected keywords: server-side rend"}
{"timestamp":"2026-06-08T04:39:26.828Z","level":"INFO","type":"REQUEST","model":"llama-3.1-8b-instant","requestId":"1780893566828-sjo82gbs","temperature":0.1,"promptPreview":"You are an expert technical interviewer. Grade this answer strictly and fairly.\n\nQuestion: Describe a scenario where you would use Docker to containerize a Next.js application, and explain the benefit"}
{"timestamp":"2026-06-08T04:39:26.828Z","level":"INFO","type":"REQUEST","model":"llama-3.1-8b-instant","requestId":"1780893566828-pceq2m1j","temperature":0.1,"promptPreview":"You are an expert technical interviewer. Grade this answer strictly and fairly.\n\nQuestion: Discuss the trade-offs between using a monolithic architecture versus a microservices architecture in a Next."}
{"timestamp":"2026-06-08T04:39:27.567Z","level":"INFO","type":"RESPONSE","model":"llama-3.1-8b-instant","requestId":"1780893566828-pceq2m1j","durationMs":739,"responsePreview":"{\n  \"score\": 0,\n  \"review\": \"The candidate failed to provide any relevant information, indicating a lack of understanding of the topic.\",\n  \"strengths\": [],\n  \"weaknesses\": [\"Lack of knowledge on mono"}
{"timestamp":"2026-06-08T04:39:27.689Z","level":"INFO","type":"RESPONSE","model":"llama-3.1-8b-instant","requestId":"1780893566828-sjo82gbs","durationMs":861,"responsePreview":"{\n  \"score\": 6,\n  \"review\": \"The candidate provided a correct scenario where Docker is used for containerization, but the explanation was incomplete and lacked depth. The benefits mentioned were accur"}
{"timestamp":"2026-06-08T04:39:27.741Z","level":"INFO","type":"RESPONSE","model":"llama-3.1-8b-instant","requestId":"1780893566827-lqmt11mk","durationMs":914,"responsePreview":"{\n  \"score\": 6,\n  \"review\": \"The candidate provided a correct definition of Server-Side Rendering (SSR) in Next.js, but the explanation was brief and lacked depth. The benefits mentioned were accurate"}
{"timestamp":"2026-06-08T04:48:20.374Z","level":"INFO","type":"REQUEST","model":"llama-3.3-70b-versatile","requestId":"1780894100370-l9etr0qp","temperature":0.2,"promptPreview":"You are a CV parser. Extract the candidate's full name and ONLY technical skills.\n\nINCLUDE: Programming languages, frameworks, databases, DevOps tools, technical concepts (REST API, GraphQL, OOP, etc."}
{"timestamp":"2026-06-08T04:48:21.378Z","level":"INFO","type":"RESPONSE","model":"llama-3.3-70b-versatile","requestId":"1780894100370-l9etr0qp","durationMs":1004,"responsePreview":"```\n{\n  \"fullName\": \"Nguyễn Đình Hiếu\",\n  \"skills\": {\n    \"frontend\": [\"React.js\", \"Next.js\", \"Tailwind CSS\"],\n    \"backend\": [\"Node.js\", \"Express.js\", \"MongoDB\", \"MySQL\", \"WebSocket\"],\n    \"theory\": "}
{"timestamp":"2026-06-08T04:48:42.274Z","level":"INFO","type":"REQUEST","model":"llama-3.3-70b-versatile","requestId":"1780894122274-0br4f7e8","temperature":0.7,"promptPreview":"\nYou are a technical interviewer for junior/mid-level developers.\n\nGenerate exactly 7 multiple-choice questions (MCQ) and 3 essay questions \nbased on skills: express.js, websocket.\n\nRules:\n- Difficult"}
{"timestamp":"2026-06-08T04:48:44.839Z","level":"INFO","type":"RESPONSE","model":"llama-3.3-70b-versatile","requestId":"1780894122274-0br4f7e8","durationMs":2565,"responsePreview":"```\n{\n  \"mcq\": [\n    {\n      \"type\": \"mcq\",\n      \"difficulty\": \"easy\",\n      \"question\": \"What is the primary function of Express.js?\",\n      \"options\": [\"Database management\", \"Frontend framework\", "}
{"timestamp":"2026-06-08T04:50:29.932Z","level":"INFO","type":"REQUEST","model":"llama-3.1-8b-instant","requestId":"1780894229932-bt63m59d","temperature":0.1,"promptPreview":"You are an expert technical interviewer. Grade this answer strictly and fairly.\n\nQuestion: Explain the basic concept of WebSockets and their use case in real-time applications\nExpected keywords: bi-di"}
{"timestamp":"2026-06-08T04:50:29.932Z","level":"INFO","type":"REQUEST","model":"llama-3.1-8b-instant","requestId":"1780894229932-2uequbk5","temperature":0.1,"promptPreview":"You are an expert technical interviewer. Grade this answer strictly and fairly.\n\nQuestion: Describe how to implement WebSocket connection in an Express.js application\nExpected keywords: ws library, ex"}
{"timestamp":"2026-06-08T04:50:29.932Z","level":"INFO","type":"REQUEST","model":"llama-3.1-8b-instant","requestId":"1780894229932-b429l8y8","temperature":0.1,"promptPreview":"You are an expert technical interviewer. Grade this answer strictly and fairly.\n\nQuestion: Discuss the advantages and disadvantages of using WebSockets in a production environment\nExpected keywords: s"}
{"timestamp":"2026-06-08T04:50:31.303Z","level":"INFO","type":"RESPONSE","model":"llama-3.1-8b-instant","requestId":"1780894229932-2uequbk5","durationMs":1371,"responsePreview":"{\n  \"score\": 5,\n  \"review\": \"The candidate provided a basic understanding of implementing WebSocket in Express.js, but lacked specific details and examples. They also failed to mention the ws library "}
{"timestamp":"2026-06-08T04:50:31.409Z","level":"INFO","type":"RESPONSE","model":"llama-3.1-8b-instant","requestId":"1780894229932-bt63m59d","durationMs":1477,"responsePreview":"{\n  \"score\": 6,\n  \"review\": \"The candidate correctly identified the bi-directional nature of WebSockets and their use in real-time applications, but the answer is somewhat vague and lacks depth.\",\n  \""}
{"timestamp":"2026-06-08T04:50:31.623Z","level":"INFO","type":"RESPONSE","model":"llama-3.1-8b-instant","requestId":"1780894229932-b429l8y8","durationMs":1691,"responsePreview":"{\n  \"score\": 7,\n  \"review\": \"The candidate provided a good overview of the advantages and disadvantages of using WebSockets in a production environment, but lacked some depth and specific examples. Th"}
{"timestamp":"2026-06-08T04:58:48.043Z","level":"INFO","type":"REQUEST","model":"llama-3.3-70b-versatile","requestId":"1780894728035-tx57qryj","temperature":0.2,"promptPreview":"You are a CV parser. Extract the candidate's full name and ONLY technical skills.\n\nINCLUDE: Programming languages, frameworks, databases, DevOps tools, technical concepts (REST API, GraphQL, OOP, etc."}
{"timestamp":"2026-06-08T04:58:48.688Z","level":"INFO","type":"RESPONSE","model":"llama-3.3-70b-versatile","requestId":"1780894728035-tx57qryj","durationMs":644,"responsePreview":"{\n  \"fullName\": \"Bui Tien Dat\",\n  \"skills\": {\n    \"frontend\": [\"React.js\"],\n    \"backend\": [\"Node.js\", \"Express.js\", \"Mongoose\", \"Mongo DB\", \"JWT\", \"bcrypt\"],\n    \"theory\": [],\n    \"devops\": [\"Git\", \""}
{"timestamp":"2026-06-08T04:59:03.362Z","level":"INFO","type":"REQUEST","model":"llama-3.3-70b-versatile","requestId":"1780894743362-xd8jyxps","temperature":0.7,"promptPreview":"\nYou are a technical interviewer for junior/mid-level developers.\n\nGenerate exactly 7 multiple-choice questions (MCQ) and 3 essay questions \nbased on skills: JWT, postman.\n\nRules:\n- Difficulty: 50% ea"}
{"timestamp":"2026-06-08T04:59:05.683Z","level":"INFO","type":"RESPONSE","model":"llama-3.3-70b-versatile","requestId":"1780894743362-xd8jyxps","durationMs":2321,"responsePreview":"```\n{\n  \"mcq\": [\n    {\n      \"type\": \"mcq\",\n      \"difficulty\": \"easy\",\n      \"question\": \"What does JWT stand for?\",\n      \"options\": [\"JSON Web Token\", \"Java Web Token\", \"JavaScript Web Token\", \"JQu"}
{"timestamp":"2026-06-08T05:00:22.366Z","level":"INFO","type":"REQUEST","model":"llama-3.1-8b-instant","requestId":"1780894822366-hw8ijrnd","temperature":0.1,"promptPreview":"\nYou are a KIND technical interviewer for junior developers. Evaluate the answer gently.\n\nQuestion: Explain the purpose of JWT tokens\nExpected keywords: security, authentication, token\nCandidate answe"}
{"timestamp":"2026-06-08T05:00:22.367Z","level":"INFO","type":"REQUEST","model":"llama-3.1-8b-instant","requestId":"1780894822367-l69dnx16","temperature":0.1,"promptPreview":"\nYou are a KIND technical interviewer for junior developers. Evaluate the answer gently.\n\nQuestion: Describe how to use Postman for API testing\nExpected keywords: Postman, API, testing\nCandidate answe"}
{"timestamp":"2026-06-08T05:00:22.367Z","level":"INFO","type":"REQUEST","model":"llama-3.1-8b-instant","requestId":"1780894822367-ta6hkj9d","temperature":0.1,"promptPreview":"\nYou are a KIND technical interviewer for junior developers. Evaluate the answer gently.\n\nQuestion: Discuss the security implications of using JWT tokens\nExpected keywords: security, JWT, tokens\nCandi"}
{"timestamp":"2026-06-08T05:00:23.864Z","level":"INFO","type":"RESPONSE","model":"llama-3.1-8b-instant","requestId":"1780894822366-hw8ijrnd","durationMs":1498,"responsePreview":"{\n  \"score\": 7,\n  \"review\": \"Good explanation, but could be more detailed about security aspects.\",\n  \"aiModelAnswer\": \"JWT tokens are used for secure authentication and information exchange between c"}
{"timestamp":"2026-06-08T05:00:23.881Z","level":"INFO","type":"RESPONSE","model":"llama-3.1-8b-instant","requestId":"1780894822367-l69dnx16","durationMs":1514,"responsePreview":"{\n  \"score\": 7,\n  \"review\": \"Good, correct but lacks some detail on Postman features.\",\n  \"aiModelAnswer\": \"Postman is a tool used for API testing, allowing users to select HTTP methods, input API URL"}
{"timestamp":"2026-06-08T05:00:23.903Z","level":"INFO","type":"RESPONSE","model":"llama-3.1-8b-instant","requestId":"1780894822367-ta6hkj9d","durationMs":1536,"responsePreview":"{\n  \"score\": 8,\n  \"review\": \"Good understanding of security implications, but could elaborate on token storage and refresh token implementation.\",\n  \"aiModelAnswer\": \"JWT tokens provide efficient user"}
{"timestamp":"2026-06-08T06:41:24.309Z","level":"INFO","type":"REQUEST","model":"llama-3.3-70b-versatile","requestId":"1780900884305-dq8zy650","temperature":0.2,"promptPreview":"You are a CV parser. Extract the candidate's full name and ONLY technical skills.\n\nINCLUDE: Programming languages, frameworks, databases, DevOps tools, technical concepts (REST API, GraphQL, OOP, etc."}
{"timestamp":"2026-06-08T06:41:25.020Z","level":"INFO","type":"RESPONSE","model":"llama-3.3-70b-versatile","requestId":"1780900884305-dq8zy650","durationMs":711,"responsePreview":"{\n  \"fullName\": \"Nguyễn Đình Hiếu\",\n  \"skills\": {\n    \"frontend\": [\"React.js\", \"Next.js\", \"Tailwind CSS\"],\n    \"backend\": [\"Node.js\", \"Express.js\", \"MongoDB\", \"MySQL\", \"WebSocket\"],\n    \"theory\": [\"OO"}
{"timestamp":"2026-06-08T06:41:57.011Z","level":"INFO","type":"REQUEST","model":"llama-3.3-70b-versatile","requestId":"1780900917011-1qt2cksm","temperature":0.7,"promptPreview":"\nYou are a technical interviewer for junior/mid-level developers.\n\nGenerate exactly 7 multiple-choice questions (MCQ) and 3 essay questions \nbased on skills: React.js, Node.js, SOLID.\n\nRules:\n- Diffic"}
{"timestamp":"2026-06-08T06:41:59.938Z","level":"INFO","type":"RESPONSE","model":"llama-3.3-70b-versatile","requestId":"1780900917011-1qt2cksm","durationMs":2927,"responsePreview":"```\n{\n  \"mcq\": [\n    {\n      \"type\": \"mcq\",\n      \"difficulty\": \"easy\",\n      \"question\": \"What is the primary function of React.js?\",\n      \"options\": [\"Backend framework\", \"Frontend library\", \"Datab"}
{"timestamp":"2026-06-08T06:43:31.171Z","level":"INFO","type":"REQUEST","model":"llama-3.1-8b-instant","requestId":"1780901011171-ly4sswny","temperature":0.1,"promptPreview":"You are a supportive technical interviewer. Grade fairly and generously for partial understanding.\n\nQuestion: Describe the difference between 'controlled' and 'uncontrolled' components in React.js\nExp"}
{"timestamp":"2026-06-08T06:43:31.170Z","level":"INFO","type":"REQUEST","model":"llama-3.1-8b-instant","requestId":"1780901011170-oa0uwz01","temperature":0.1,"promptPreview":"You are a supportive technical interviewer. Grade fairly and generously for partial understanding.\n\nQuestion: Explain the concept of a 'component' in React.js\nExpected keywords: Reusability, Modularit"}
{"timestamp":"2026-06-08T06:43:31.172Z","level":"INFO","type":"REQUEST","model":"llama-3.1-8b-instant","requestId":"1780901011172-jqr8has6","temperature":0.1,"promptPreview":"You are a supportive technical interviewer. Grade fairly and generously for partial understanding.\n\nQuestion: Discuss the benefits of applying the 'Single responsibility principle' in Node.js developm"}
{"timestamp":"2026-06-08T06:43:32.300Z","level":"INFO","type":"RESPONSE","model":"llama-3.1-8b-instant","requestId":"1780901011171-ly4sswny","durationMs":1129,"responsePreview":"{\n  \"score\": 4,\n  \"review\": \"You showed a good effort, but unfortunately, you didn't provide any information about the difference between 'controlled' and 'uncontrolled' components in React.js. You mi"}
{"timestamp":"2026-06-08T06:43:32.425Z","level":"INFO","type":"RESPONSE","model":"llama-3.1-8b-instant","requestId":"1780901011172-jqr8has6","durationMs":1253,"responsePreview":"{\n  \"score\": 7,\n  \"review\": \"The candidate correctly identified the Single Responsibility Principle (SRP) and its benefits in Node.js development. However, the explanation could be more detailed and s"}
{"timestamp":"2026-06-08T06:43:32.426Z","level":"INFO","type":"RESPONSE","model":"llama-3.1-8b-instant","requestId":"1780901011170-oa0uwz01","durationMs":1256,"responsePreview":"{\n  \"score\": 7,\n  \"review\": \"You correctly identified that a component is a fundamental building block in React.js, and that it's used to construct the user interface. However, your explanation could "}
{"timestamp":"2026-06-08T06:49:32.586Z","level":"INFO","type":"REQUEST","model":"llama-3.3-70b-versatile","requestId":"1780901372581-f81ysmxo","temperature":0.2,"promptPreview":"You are a CV parser. Extract the candidate's full name and ONLY technical skills.\n\nINCLUDE: Programming languages, frameworks, databases, DevOps tools, technical concepts (REST API, GraphQL, OOP, etc."}
{"timestamp":"2026-06-08T06:49:33.611Z","level":"INFO","type":"RESPONSE","model":"llama-3.3-70b-versatile","requestId":"1780901372581-f81ysmxo","durationMs":1025,"responsePreview":"```json\n{\n  \"fullName\": \"Nguyễn Đình Hiếu\",\n  \"skills\": {\n    \"frontend\": [\"React.js\", \"Next.js\", \"Tailwind CSS\"],\n    \"backend\": [\"Node.js\", \"Express.js\", \"MongoDB\", \"MySQL\", \"WebSocket\"],\n    \"theor"}
{"timestamp":"2026-06-08T06:49:49.204Z","level":"INFO","type":"REQUEST","model":"llama-3.3-70b-versatile","requestId":"1780901389204-j0ict9cn","temperature":0.7,"promptPreview":"\nYou are a technical interviewer for junior/mid-level developers.\n\nGenerate exactly 7 multiple-choice questions (MCQ) and 3 essay questions \nbased on skills: express.js, websocket.\n\nRules:\n- Difficult"}
{"timestamp":"2026-06-08T06:49:52.212Z","level":"INFO","type":"RESPONSE","model":"llama-3.3-70b-versatile","requestId":"1780901389204-j0ict9cn","durationMs":3008,"responsePreview":"```\n{\n  \"mcq\": [\n    {\n      \"type\": \"mcq\",\n      \"difficulty\": \"easy\",\n      \"question\": \"What is Express.js?\",\n      \"options\": [\"A framework for React\", \"A Node.js framework\", \"A database managemen"}
{"timestamp":"2026-06-08T06:51:30.922Z","level":"INFO","type":"RESPONSE","model":"llama-3.1-8b-instant","requestId":"1780901490215-8ltdmav0","durationMs":0,"responsePreview":"{\n  \"explanation\": \"When handling errors in Express.js, using error middleware is the correct approach. This is because error middleware allows us to catch and handle errors at a global level, making "}
{"timestamp":"2026-06-08T06:51:30.922Z","level":"INFO","type":"RESPONSE","model":"llama-3.1-8b-instant","requestId":"1780901490215-125vqupg","durationMs":0,"responsePreview":"{\n  \"explanation\": \"When using Socket.io, the `io.emit` method is used to broadcast a message to all connected clients. This is because `io` refers to the server-side instance of Socket.io, and emitti"}
{"timestamp":"2026-06-08T06:51:30.922Z","level":"INFO","type":"RESPONSE","model":"llama-3.1-8b-instant","requestId":"1780901490215-9eqi05fa","durationMs":0,"responsePreview":"{\n  \"explanation\": \"The WebSocket protocol is designed to enable real-time communication between a client and a server. This is achieved by establishing a persistent, bi-directional connection between"}
{"timestamp":"2026-06-08T06:51:30.922Z","level":"INFO","type":"RESPONSE","model":"llama-3.1-8b-instant","requestId":"1780901490215-i620nbbb","durationMs":0,"responsePreview":"{\n  \"explanation\": \"The `http` module in Node.js is used to establish HTTP connections. This is because it provides a way to create an HTTP server, which listens for incoming requests and sends respon"}
{"timestamp":"2026-06-08T06:51:30.956Z","level":"INFO","type":"RESPONSE","model":"llama-3.1-8b-instant","requestId":"1780901490215-hwae0qdv","durationMs":0,"responsePreview":"{\n  \"explanation\": \"WebSocket is bi-directional because it allows both the client and server to send data at any time, enabling real-time communication. This is achieved through a persistent, low-late"}
{"timestamp":"2026-06-08T06:51:31.538Z","level":"INFO","type":"RESPONSE","model":"llama-3.1-8b-instant","requestId":"1780901490215-jooojr55","durationMs":0,"responsePreview":"{\n  \"explanation\": \"When handling WebSocket connections in Express.js, you should use the Socket.io library because it provides a simple and efficient way to establish real-time communication between "}
{"timestamp":"2026-06-08T06:51:31.574Z","level":"INFO","type":"RESPONSE","model":"llama-3.1-8b-instant","requestId":"1780901490214-liaknhni","durationMs":0,"responsePreview":"{\n  \"explanation\": \"Express.js is a Node.js framework because it's built on top of Node.js and provides a set of tools and libraries to help developers create web applications. It's designed to handle"}
{"timestamp":"2026-06-08T06:51:31.575Z","level":"INFO","type":"REQUEST","model":"llama-3.1-8b-instant","requestId":"1780901491575-qh18t5j4","temperature":0.1,"promptPreview":"You are a supportive technical interviewer grading a written answer.\n\nQuestion: Explain the basics of Express.js\nExpected keywords/concepts: Node.js, framework, routing\nCandidate answer: \"Express.js l"}
{"timestamp":"2026-06-08T06:51:31.575Z","level":"INFO","type":"REQUEST","model":"llama-3.1-8b-instant","requestId":"1780901491575-2boxrrh7","temperature":0.1,"promptPreview":"You are a supportive technical interviewer grading a written answer.\n\nQuestion: Describe how to implement real-time communication using WebSocket and Express.js\nExpected keywords/concepts: WebSocket, "}
{"timestamp":"2026-06-08T06:51:31.575Z","level":"INFO","type":"REQUEST","model":"llama-3.1-8b-instant","requestId":"1780901491575-s6sjfhey","temperature":0.1,"promptPreview":"You are a supportive technical interviewer grading a written answer.\n\nQuestion: Discuss the differences between WebSocket and Server-Sent Events (SSE) in terms of scalability and performance\nExpected "}
{"timestamp":"2026-06-08T06:51:32.359Z","level":"INFO","type":"RESPONSE","model":"llama-3.1-8b-instant","requestId":"1780901491575-2boxrrh7","durationMs":784,"responsePreview":"{\n  \"score\": 5,\n  \"review\": \"You correctly mentioned using WebSocket through libraries like Socket.io or ws, which is a good start. However, your answer lacks detail and explanation of how to implemen"}
{"timestamp":"2026-06-08T06:51:41.171Z","level":"INFO","type":"RESPONSE","model":"llama-3.1-8b-instant","requestId":"1780901491575-s6sjfhey","durationMs":9596,"responsePreview":"{\n  \"score\": 8,\n  \"review\": \"The candidate has a good understanding of the differences between WebSocket and Server-Sent Events (SSE) in terms of scalability and performance. However, the explanation "}
{"timestamp":"2026-06-08T06:51:51.582Z","level":"WARN","type":"TIMEOUT","model":"llama-3.1-8b-instant","requestId":"1780901491575-qh18t5j4","timeoutMs":20000,"message":"Request exceeded 20000ms without response"}
{"timestamp":"2026-06-08T07:04:50.971Z","level":"INFO","type":"REQUEST","model":"llama-3.3-70b-versatile","requestId":"1780902290968-sb8n70il","temperature":0.2,"promptPreview":"You are a CV parser. Extract the candidate's full name and ONLY technical skills.\n\nINCLUDE: Programming languages, frameworks, databases, DevOps tools, technical concepts (REST API, GraphQL, OOP, etc."}
{"timestamp":"2026-06-08T07:04:51.855Z","level":"INFO","type":"RESPONSE","model":"llama-3.3-70b-versatile","requestId":"1780902290968-sb8n70il","durationMs":884,"responsePreview":"```\n{\n  \"fullName\": \"Nguyễn Đình Hiếu\",\n  \"skills\": {\n    \"frontend\": [\"React.js\", \"Next.js\", \"Tailwind CSS\"],\n    \"backend\": [\"Node.js\", \"Express.js\", \"MongoDB\", \"MySQL\", \"WebSocket\"],\n    \"theory\": "}
{"timestamp":"2026-06-08T07:05:14.645Z","level":"INFO","type":"REQUEST","model":"llama-3.3-70b-versatile","requestId":"1780902314644-esj2m428","temperature":0.7,"promptPreview":"\nYou are a technical interviewer for junior/mid-level developers.\n\nGenerate exactly 7 multiple-choice questions (MCQ) and 3 essay questions \nbased on skills: websocket, SOLID.\n\nRules:\n- Difficulty: 50"}
{"timestamp":"2026-06-08T07:05:17.084Z","level":"INFO","type":"RESPONSE","model":"llama-3.3-70b-versatile","requestId":"1780902314644-esj2m428","durationMs":2439,"responsePreview":"```\n{\n  \"mcq\": [\n    {\n      \"type\": \"mcq\",\n      \"difficulty\": \"easy\",\n      \"question\": \"What is the primary purpose of WebSockets?\",\n      \"options\": [\"Stateless communication\", \"Stateful communica"}
{"timestamp":"2026-06-08T07:07:17.441Z","level":"INFO","type":"REQUEST","model":"llama-3.3-70b-versatile","requestId":"1780902437439-g432d74f","temperature":0.2,"promptPreview":"You are a CV parser. Extract the candidate's full name and ONLY technical skills.\n\nINCLUDE: Programming languages, frameworks, databases, DevOps tools, technical concepts (REST API, GraphQL, OOP, etc."}
{"timestamp":"2026-06-08T07:07:18.473Z","level":"INFO","type":"RESPONSE","model":"llama-3.3-70b-versatile","requestId":"1780902437439-g432d74f","durationMs":1032,"responsePreview":"```\n{\n  \"fullName\": \"Bui Tien Dat\",\n  \"skills\": {\n    \"frontend\": [\"React.js\"],\n    \"backend\": [\"Node.js\", \"Express.js\", \"Mongoose\", \"MongoDB\", \"JWT\", \"bcrypt\"],\n    \"theory\": [],\n    \"devops\": [\"Git\""}
{"timestamp":"2026-06-08T07:07:31.887Z","level":"INFO","type":"REQUEST","model":"llama-3.3-70b-versatile","requestId":"1780902451887-gpeut2bj","temperature":0.7,"promptPreview":"\nYou are a technical interviewer for junior/mid-level developers.\n\nGenerate exactly 7 multiple-choice questions (MCQ) and 3 essay questions \nbased on skills: bcrypt, postman.\n\nRules:\n- Difficulty: 50%"}
{"timestamp":"2026-06-08T07:07:34.302Z","level":"INFO","type":"RESPONSE","model":"llama-3.3-70b-versatile","requestId":"1780902451887-gpeut2bj","durationMs":2415,"responsePreview":"```\n{\n  \"mcq\": [\n    {\n      \"type\": \"mcq\",\n      \"difficulty\": \"easy\",\n      \"question\": \"What is bcrypt used for?\",\n      \"options\": [\"Encryption\", \"Hashing\", \"Compression\", \"Decryption\"],\n      \"co"}
{"timestamp":"2026-06-08T07:09:27.719Z","level":"INFO","type":"REQUEST","model":"llama-3.1-8b-instant","requestId":"1780902567719-te2elyh6","temperature":0.1,"promptPreview":"You are a technical educator. You will evaluate a batch of questions (MCQ and essay) from a student.\n\n━━━━━━━━━━━━━━━━━━━━━━━━━━━━━━━━━━━━━━━━━━━━━━━━━\nSCORING RUBRIC FOR ESSAY (0-10):\n0-2: Wrong or n"}
{"timestamp":"2026-06-08T07:09:34.836Z","level":"INFO","type":"RESPONSE","model":"llama-3.1-8b-instant","requestId":"1780902567719-te2elyh6","durationMs":7117,"responsePreview":"{\n  \"results\": [\n    {\n      \"id\": 0,\n      \"type\": \"mcq\",\n      \"explanation\": \"bcrypt is used for hashing, which is the process of converting a password into a fixed-length string of characters. The"}
{"timestamp":"2026-06-08T07:09:34.837Z","level":"ERROR","type":"ERROR","model":"llama-3.1-8b-instant","requestId":"1780902567719-te2elyh6","context":"Batch AI failed after 7117ms","error":{"message":"Invalid response format: missing results array","stack":"Error: Invalid response format: missing results array\n    at callBatchAI (D:\\DuAnMoi\\backend\\services\\interview\\gradingService.js:116:13)\n    at process.processTicksAndRejections (node:internal/process/task_queues:105:5)\n    at async gradeCVAnswersAdvanced (D:\\DuAnMoi\\backend\\services\\interview\\gradingService.js:258:21)\n    at async exports.submitCVAnswers (D:\\DuAnMoi\\backend\\controllers\\cvController.js:152:21)"}}
{"timestamp":"2026-06-08T07:19:18.267Z","level":"INFO","type":"REQUEST","model":"llama-3.3-70b-versatile","requestId":"1780903158264-4c56tr68","temperature":0.2,"promptPreview":"You are a CV parser. Extract the candidate's full name and ONLY technical skills.\n\nINCLUDE: Programming languages, frameworks, databases, DevOps tools, technical concepts (REST API, GraphQL, OOP, etc."}
{"timestamp":"2026-06-08T07:19:19.092Z","level":"INFO","type":"RESPONSE","model":"llama-3.3-70b-versatile","requestId":"1780903158264-4c56tr68","durationMs":825,"responsePreview":"```\n{\n  \"fullName\": \"Nguyễn Đình Hiếu\",\n  \"skills\": {\n    \"frontend\": [\"React.js\", \"Next.js\", \"Tailwind CSS\"],\n    \"backend\": [\"Node.js\", \"Express.js\", \"MongoDB\", \"MySQL\", \"WebSocket\"],\n    \"theory\": "}
{"timestamp":"2026-06-08T07:19:40.446Z","level":"INFO","type":"REQUEST","model":"llama-3.3-70b-versatile","requestId":"1780903180446-bhb5n77m","temperature":0.7,"promptPreview":"\nYou are a technical interviewer for junior/mid-level developers.\n\nGenerate exactly 7 multiple-choice questions (MCQ) and 3 essay questions \nbased on skills: React.js, express.js.\n\nRules:\n- Difficulty"}
{"timestamp":"2026-06-08T07:19:42.926Z","level":"INFO","type":"RESPONSE","model":"llama-3.3-70b-versatile","requestId":"1780903180446-bhb5n77m","durationMs":2480,"responsePreview":"```\n{\n  \"mcq\": [\n    {\n      \"type\": \"mcq\",\n      \"difficulty\": \"easy\",\n      \"question\": \"What is the purpose of useState in React.js?\",\n      \"options\": [\"For routing\", \"For state management\", \"For "}
{"timestamp":"2026-06-08T07:21:30.580Z","level":"INFO","type":"REQUEST","model":"llama-3.1-8b-instant","requestId":"1780903290580-37qtjerf","temperature":0.1,"promptPreview":"You are a technical educator. Evaluate the following questions.\n\nRubric for ESSAY (0-10):\n0-2: wrong/no understanding\n3-4: only keyword, no correct explanation\n5-6: partial understanding, vague but co"}
{"timestamp":"2026-06-08T07:21:32.262Z","level":"INFO","type":"RESPONSE","model":"llama-3.1-8b-instant","requestId":"1780903290580-37qtjerf","durationMs":1682,"responsePreview":"{\n  \"results\": [\n    {\"id\": 0, \"type\": \"mcq\", \"explanation\": \"The correct answer is 'For state management' because useState is a hook in React.js that allows you to add state to functional components."}
{"timestamp":"2026-06-08T07:33:38.956Z","level":"INFO","type":"REQUEST","model":"llama-3.3-70b-versatile","requestId":"1780904018952-42sbb99e","temperature":0.2,"promptPreview":"You are a CV parser. Extract the candidate's full name and ONLY technical skills.\n\nINCLUDE: Programming languages, frameworks, databases, DevOps tools, technical concepts (REST API, GraphQL, OOP, etc."}
{"timestamp":"2026-06-08T07:33:39.967Z","level":"INFO","type":"RESPONSE","model":"llama-3.3-70b-versatile","requestId":"1780904018952-42sbb99e","durationMs":1011,"responsePreview":"```\n{\n  \"fullName\": \"Nguyễn Đình Hiếu\",\n  \"skills\": {\n    \"frontend\": [\"React.js\", \"Next.js\", \"Tailwind CSS\"],\n    \"backend\": [\"Node.js\", \"Express.js\", \"MongoDB\", \"MySQL\", \"WebSocket\"],\n    \"theory\": "}
{"timestamp":"2026-06-08T07:33:52.558Z","level":"INFO","type":"REQUEST","model":"llama-3.3-70b-versatile","requestId":"1780904032558-qp0hwp0w","temperature":0.7,"promptPreview":"\nYou are a technical interviewer for junior/mid-level developers.\n\nGenerate exactly 7 multiple-choice questions (MCQ) and 3 essay questions \nbased on skills: express.js, websocket.\n\nRules:\n- Difficult"}
{"timestamp":"2026-06-08T07:33:55.413Z","level":"INFO","type":"RESPONSE","model":"llama-3.3-70b-versatile","requestId":"1780904032558-qp0hwp0w","durationMs":2854,"responsePreview":"```\n{\n  \"mcq\": [\n    {\n      \"type\": \"mcq\",\n      \"difficulty\": \"easy\",\n      \"question\": \"What is the primary use of Express.js?\",\n      \"options\": [\"Frontend framework\", \"Database management\", \"Back"}
{"timestamp":"2026-06-08T07:37:04.955Z","level":"INFO","type":"REQUEST","model":"llama-3.3-70b-versatile","requestId":"1780904224955-a4vtyz25","temperature":0,"promptPreview":"You are a strict but fair senior software engineer grading technical interview answers.\n\n═══════════════════════════════════════════════════\nESSAY GRADING RULES — READ CAREFULLY\n══════════════════════"}
{"timestamp":"2026-06-08T07:37:09.363Z","level":"INFO","type":"RESPONSE","model":"llama-3.3-70b-versatile","requestId":"1780904224955-a4vtyz25","durationMs":4408,"responsePreview":"{\"results\": [\n{\"id\":0,\"type\":\"mcq\",\"explanation\":\"The correct answer is 'Backend framework' because Express.js is a popular Node.js framework for building web applications, handling HTTP requests, and"}
{"timestamp":"2026-06-08T07:48:06.982Z","level":"INFO","type":"REQUEST","model":"llama-3.3-70b-versatile","requestId":"1780904886978-4ygee43x","temperature":0.2,"promptPreview":"You are a CV parser. Extract the candidate's full name and ONLY technical skills.\n\nINCLUDE: Programming languages, frameworks, databases, DevOps tools, technical concepts (REST API, GraphQL, OOP, etc."}
{"timestamp":"2026-06-08T07:48:08.653Z","level":"INFO","type":"RESPONSE","model":"llama-3.3-70b-versatile","requestId":"1780904886978-4ygee43x","durationMs":1670,"responsePreview":"{\n  \"fullName\": \"Nguyễn Đình Hiếu\",\n  \"skills\": {\n    \"frontend\": [\"React.js\", \"Next.js\", \"Tailwind CSS\"],\n    \"backend\": [\"Node.js\", \"Express.js\", \"MongoDB\", \"MySQL\", \"WebSocket\"],\n    \"theory\": [\"OO"}
{"timestamp":"2026-06-08T07:48:28.025Z","level":"INFO","type":"REQUEST","model":"llama-3.3-70b-versatile","requestId":"1780904908025-xds404go","temperature":0.7,"promptPreview":"\nYou are a technical interviewer for junior/mid-level developers.\n\nGenerate exactly 7 multiple-choice questions (MCQ) and 3 essay questions \nbased on skills: React.js, Git.\n\nRules:\n- Difficulty: 50% e"}
{"timestamp":"2026-06-08T07:48:30.684Z","level":"INFO","type":"RESPONSE","model":"llama-3.3-70b-versatile","requestId":"1780904908025-xds404go","durationMs":2659,"responsePreview":"```\n{\n  \"mcq\": [\n    {\n      \"type\": \"mcq\",\n      \"difficulty\": \"easy\",\n      \"question\": \"What is the purpose of npm in React.js?\",\n      \"options\": [\"For version control\", \"For package management\", "}
{"timestamp":"2026-06-08T07:50:53.401Z","level":"INFO","type":"REQUEST","model":"llama-3.1-8b-instant","requestId":"1780905053401-jy1xaotx","temperature":0,"promptPreview":"You are a strict but fair senior software engineer grading technical interview answers.\n\nESSAY RULES:\n- STEP 1: Is the core claim technically correct? Wrong facts → score max 4, even with keywords.\n- "}
{"timestamp":"2026-06-08T07:50:56.601Z","level":"INFO","type":"RESPONSE","model":"llama-3.1-8b-instant","requestId":"1780905053401-jy1xaotx","durationMs":3200,"responsePreview":"{\"results\":[{\"id\":0,\"type\":\"mcq\",\"explanation\":\"Correct answer is right because npm is used for package management in React.js. The most common wrong option is incorrect because version control is han"}
{"timestamp":"2026-06-08T08:06:02.320Z","level":"INFO","type":"REQUEST","model":"llama-3.3-70b-versatile","requestId":"1780905962316-lq63abiv","temperature":0.2,"promptPreview":"You are a CV parser. Extract the candidate's full name and ONLY technical skills.\n\nINCLUDE: Programming languages, frameworks, databases, DevOps tools, technical concepts (REST API, GraphQL, OOP, etc."}
{"timestamp":"2026-06-08T08:06:03.167Z","level":"INFO","type":"RESPONSE","model":"llama-3.3-70b-versatile","requestId":"1780905962316-lq63abiv","durationMs":847,"responsePreview":"{\n  \"fullName\": \"Bui Tien Dat\",\n  \"skills\": {\n    \"frontend\": [\"React.js\"],\n    \"backend\": [\"Node.js\", \"Express.js\", \"Mongoose\", \"MongoDB\", \"JWT\", \"bcrypt\"],\n    \"theory\": [],\n    \"devops\": [\"Git\", \"P"}
{"timestamp":"2026-06-08T08:06:13.323Z","level":"INFO","type":"REQUEST","model":"llama-3.3-70b-versatile","requestId":"1780905973323-y3w12utm","temperature":0.7,"promptPreview":"\nYou are a technical interviewer for junior/mid-level developers.\n\nGenerate exactly 7 multiple-choice questions (MCQ) and 3 essay questions \nbased on skills: JWT, postman.\n\nRules:\n- Difficulty: 50% ea"}
{"timestamp":"2026-06-08T08:06:18.787Z","level":"INFO","type":"RESPONSE","model":"llama-3.3-70b-versatile","requestId":"1780905973323-y3w12utm","durationMs":5464,"responsePreview":"```\n{\n  \"mcq\": [\n    {\n      \"type\": \"mcq\",\n      \"difficulty\": \"easy\",\n      \"question\": \"What does JWT stand for?\",\n      \"options\": [\"JSON Web Token\", \"Java Web Token\", \"JavaScript Web Token\", \"JQu"}
{"timestamp":"2026-06-08T08:08:51.403Z","level":"INFO","type":"REQUEST","model":"llama-3.1-8b-instant","requestId":"1780906131403-lysya021","temperature":0,"promptPreview":"Strict fair grader for tech interview.\n\nESSAY:\n- Step 1: Core claim correct? Wrong fact → max 4 pts.\n- Step 2: Score 0-10:\n  0-1: blank/gibberish\n  2-3: keywords but wrong logic\n  4-5: partially corre"}
{"timestamp":"2026-06-08T08:08:53.096Z","level":"INFO","type":"RESPONSE","model":"llama-3.1-8b-instant","requestId":"1780906131403-lysya021","durationMs":1693,"responsePreview":"```json\n{\n  \"results\": [\n    {\n      \"id\": 0,\n      \"type\": \"mcq\",\n      \"explanation\": \"The correct answer is JSON Web Token because it is a standardized token format for securely transmitting inform"}
{"timestamp":"2026-06-08T08:17:21.985Z","level":"INFO","type":"REQUEST","model":"llama-3.3-70b-versatile","requestId":"1780906641982-cg6kk0gl","temperature":0.2,"promptPreview":"You are a CV parser. Extract the candidate's full name and ONLY technical skills.\n\nINCLUDE: Programming languages, frameworks, databases, DevOps tools, technical concepts (REST API, GraphQL, OOP, etc."}
{"timestamp":"2026-06-08T08:18:06.989Z","level":"WARN","type":"TIMEOUT","model":"llama-3.3-70b-versatile","requestId":"1780906641982-cg6kk0gl","timeoutMs":45000,"message":"Request exceeded 45000ms without response"}
{"timestamp":"2026-06-08T08:19:15.901Z","level":"INFO","type":"REQUEST","model":"llama-3.3-70b-versatile","requestId":"1780906755897-fbigtv0i","temperature":0.2,"promptPreview":"You are a CV parser. Extract the candidate's full name and ONLY technical skills.\n\nINCLUDE: Programming languages, frameworks, databases, DevOps tools, technical concepts (REST API, GraphQL, OOP, etc."}
{"timestamp":"2026-06-08T08:19:16.974Z","level":"INFO","type":"RESPONSE","model":"llama-3.3-70b-versatile","requestId":"1780906755897-fbigtv0i","durationMs":1073,"responsePreview":"{\n  \"fullName\": \"Nguyễn Đình Hiếu\",\n  \"skills\": {\n    \"frontend\": [\"React.js\", \"Next.js\", \"Tailwind CSS\"],\n    \"backend\": [\"Node.js\", \"Express.js\", \"MongoDB\", \"MySQL\", \"WebSocket\"],\n    \"theory\": [\"OO"}
{"timestamp":"2026-06-08T08:19:38.914Z","level":"INFO","type":"REQUEST","model":"llama-3.3-70b-versatile","requestId":"1780906778914-xssqtk4j","temperature":0.7,"promptPreview":"\nYou are a technical interviewer for junior/mid-level developers.\n\nGenerate exactly 7 multiple-choice questions (MCQ) and 3 essay questions \nbased on skills: Next.js, SOLID.\n\nRules:\n- Difficulty: 50% "}
{"timestamp":"2026-06-08T08:19:41.610Z","level":"INFO","type":"RESPONSE","model":"llama-3.3-70b-versatile","requestId":"1780906778914-xssqtk4j","durationMs":2696,"responsePreview":"```\n{\n  \"mcq\": [\n    {\n      \"type\": \"mcq\",\n      \"difficulty\": \"easy\",\n      \"question\": \"What is Next.js?\",\n      \"options\": [\"A React framework\", \"A Node.js framework\", \"A database library\", \"A fro"}
{"timestamp":"2026-06-08T08:21:19.181Z","level":"INFO","type":"REQUEST","model":"llama-3.1-8b-instant","requestId":"1780906879181-wzg5avrd","temperature":0,"promptPreview":"Grade these answers. Rules:\n\nESSAY (ID with E):\n- Score 0-10: 0-1=blank, 2-3=keywords wrong logic, 4-5=partial, 6-7=correct clear, 8-9=depth+tradeoffs, 10=perfect+example\n- strengths: 1-2 specific thi"}
{"timestamp":"2026-06-08T08:21:24.031Z","level":"INFO","type":"RESPONSE","model":"llama-3.1-8b-instant","requestId":"1780906879181-wzg5avrd","durationMs":4850,"responsePreview":"```json\n{\n  \"results\": [\n    {\n      \"id\": 0,\n      \"type\": \"mcq\",\n      \"explanation\": \"Correct answer is right because Next.js is a React framework. The most common wrong option is wrong because Nod"}
{"timestamp":"2026-06-08T08:45:22.123Z","level":"INFO","type":"REQUEST","model":"llama-3.3-70b-versatile","requestId":"1780908322121-bkgnyi1m","temperature":0.2,"promptPreview":"You are a CV parser. Extract the candidate's full name and ONLY technical skills.\n\nINCLUDE: Programming languages, frameworks, databases, DevOps tools, technical concepts (REST API, GraphQL, OOP, etc."}
{"timestamp":"2026-06-08T08:45:23.186Z","level":"INFO","type":"RESPONSE","model":"llama-3.3-70b-versatile","requestId":"1780908322121-bkgnyi1m","durationMs":1063,"responsePreview":"{\n  \"fullName\": \"Bui Tien Dat\",\n  \"skills\": {\n    \"frontend\": [\"React.js\"],\n    \"backend\": [\"Node.js\", \"Express.js\", \"Mongoose\", \"MongoDB\", \"JWT\", \"bcrypt\"],\n    \"theory\": [],\n    \"devops\": [\"Git\", \"V"}
{"timestamp":"2026-06-08T08:45:34.012Z","level":"INFO","type":"REQUEST","model":"llama-3.3-70b-versatile","requestId":"1780908334012-tiu446bp","temperature":0.7,"promptPreview":"\nYou are a technical interviewer for junior/mid-level developers.\n\nGenerate exactly 7 multiple-choice questions (MCQ) and 3 essay questions \nbased on skills: React.js, postman, Git.\n\nRules:\n- Difficul"}
{"timestamp":"2026-06-08T08:45:36.305Z","level":"INFO","type":"RESPONSE","model":"llama-3.3-70b-versatile","requestId":"1780908334012-tiu446bp","durationMs":2293,"responsePreview":"```\n{\n  \"mcq\": [\n    {\n      \"type\": \"mcq\",\n      \"difficulty\": \"easy\",\n      \"question\": \"What is the primary library used for building user interfaces in React.js?\",\n      \"options\": [\"Angular\", \"Vu"}
{"timestamp":"2026-06-08T08:46:53.534Z","level":"INFO","type":"REQUEST","model":"llama-3.1-8b-instant","requestId":"1780908413534-pg2nrumh","temperature":0,"promptPreview":"You are a strict but fair senior software engineer grading technical interview answers.\n\nESSAY RULES:\n- STEP 1: Is the core claim technically correct? Wrong facts → score max 4, even with keywords.\n- "}
{"timestamp":"2026-06-08T08:46:55.125Z","level":"INFO","type":"RESPONSE","model":"llama-3.1-8b-instant","requestId":"1780908413534-pg2nrumh","durationMs":1591,"responsePreview":"{\"results\":[{\"id\":0,\"type\":\"mcq\",\"explanation\":\"Correct answer is right because React DOM is the primary library used for building user interfaces in React.js. The most common wrong option is incorrec"}
